gene_name,log2FoldChange,padj
Tox,7.036955227,1.83E-05
Kcnc1,2.849110961,0.000665091
Bhlhe41,2.734920708,0.003405504
Trgv2,2.544560171,0.002967954
Slc4a10,2.519248832,0.042785737
Tcrg-C2,2.192333173,0.002468489
Ly6g5b,2.188447266,0.039941019
Tmem37,1.797790878,0.023339295
Nyap1,1.679162475,0.04164931
Gm17590,1.622263558,0.003838547
Tcrg-C4,1.618168546,0.000651636
D930048N14Rik,1.576492216,0.013316222
Gm21807,1.526982773,0.006070771
Wscd1,1.462564397,0.002830569
Slc31a2,1.437088922,0.02871492
Bcar1,1.43307898,0.025868982
Gm26517,1.426574041,0.03614902
Egf,1.418010647,0.008098705
Adora3,1.416026142,0.010054003
Muc1,1.379384083,0.015529714
Afp,1.379033878,0.01743994
Xrcc3,1.309882076,0.015472635
Ankrd29,1.274452357,0.007311856
Pgk1-rs7,1.256930969,0.024377457
Ppp2r2c,1.246583595,0.003449273
Pfpl,1.193830325,0.003179301
Gm7664,1.181672913,0.00181989
5430405H02Rik,1.171373152,0.011709576
Pfn2,1.170835853,0.034698904
Gm11870,1.150698152,0.007162858
Spata2l,1.126498136,0.040080704
Fam132b,1.122818693,0.006250131
Antxr1,1.102168554,0.013112457
Avil,1.079300261,0.048544267
Gm10785,1.071339264,0.012854342
Kcnj2,1.071337694,0.015865635
Usp2,1.069579179,0.035336363
Pdcd1,1.064039064,0.011071904
Ttc32,1.062213746,0.014272571
Hspb6,1.059116617,0.001401588
Sult2b1,1.040209821,0.012804056
Dntt,1.019767451,0.025289112
Arnt2,0.996992995,0.042277795
Pcsk4,0.994926934,0.01030006
Cebpb,0.990628852,0.010966903
Slc25a23,0.962422276,0.029299896
Lrrc27,0.961629819,0.008586663
Arhgdig,0.946664648,0.0425161
9530082P21Rik,0.94631918,0.038941817
Gm5593,0.945699769,0.047997693
Gm11189,0.923466384,0.015141829
Numbl,0.911305513,0.003186175
Prf1,0.909745633,0.000678522
Tnfrsf8,0.905552502,0.030343354
Iscu,0.900829705,0.000388504
Acsf2,0.898399386,0.043933173
Lamp3,0.898237606,0.023469062
Aig1,0.896972238,0.028899591
Myadm,0.8964272,0.00473414
Gm9824,0.888596569,0.00502965
Dpp7,0.887631415,0.036508879
Sccpdh,0.879591112,0.00076315
Mtfp1,0.875221177,0.024967244
March9,0.867328238,0.010856142
Hist1h2ag,0.8528322,0.00596121
Tspan2,0.851333495,0.000548901
Esm1,0.84842513,0.004093851
Gm4735,0.833528216,0.000439329
Gm11249,0.817088552,0.001785836
Hhat,0.812972546,0.014625694
Dixdc1,0.810645501,0.012684573
Acpp,0.808620979,0.001777156
Gcat,0.800716027,0.048257255
Abhd6,0.800521408,0.01108391
Fcer1g,0.799332732,0.017240072
Gpx4,0.797232898,0.027331056
Crat,0.795927284,0.02495502
Get4,0.790168437,0.000261037
Hist1h3f,0.788824853,0.000354735
Fam46c,0.788589614,0.027794785
AK157302,0.788275919,0.001892127
Pcyox1l,0.783724278,0.009971296
Ppp1r14b,0.780677006,0.013367985
2900026A02Rik,0.77884677,0.036038023
Phf21b,0.778532539,0.011879394
Tctn3,0.77159083,0.047644231
Hist1h3e,0.768303861,0.000426954
Gm8451,0.767854948,0.0026165
Tax1bp3,0.764486292,0.027266287
Pou2af1,0.761841187,0.029769419
Gm5540,0.761379231,0.03820052
Gm10762,0.760557761,0.009301655
Gm42462,0.760354021,0.033107665
Bcl3,0.759605665,0.008362397
Klhl17,0.759485006,0.009141811
Plod3,0.758766511,0.023819508
Ccl3,0.757463606,0.019886104
Slc25a10,0.7567573,0.007022303
Dhrs11,0.755202082,0.039191657
Cenpn,0.750736965,0.002887578
Gm19807,0.750299127,0.012577745
Depdc1a,0.749552334,0.016895697
Slc16a10,0.746927676,0.010164233
Snx21,0.741690123,0.034149963
Nudt8,0.741220685,0.000317251
Mterf1b,0.735661461,0.005677228
Ccl4,0.735300632,0.008617256
Arsb,0.734392611,0.002351565
Pkmyt1,0.730786203,0.020957979
Egfl7,0.728202579,0.023562027
Gm12350,0.728130729,0.007493331
Paox,0.726656743,0.042468082
Oplah,0.72530368,0.044806555
Rpl36-ps3,0.722054269,0.005547984
Zfp58,0.720195803,0.010171119
Gm5620,0.717394447,0.010699031
Usp50,0.715638327,0.039051152
Naglu,0.715250824,0.024124592
Hist1h3c,0.709464449,0.0145764
C1qtnf6,0.705704214,0.0272362
Gm9797,0.705175328,0.015260792
Metrn,0.702666221,0.007536635
Ggcx,0.702494043,0.020119044
Mblac1,0.699161402,0.006472385
Rbl2,0.694776061,2.4E-05
Pld2,0.693830268,0.006151372
Utf1,0.691414703,0.014943406
Asf1b,0.691372178,0.045463479
Gm5616,0.691227628,0.003237577
Sla2,0.690999896,0.000695684
1700037H04Rik,0.688963877,0.020773498
Gm6344,0.68766633,0.000987545
Ier5l,0.686155648,0.000265023
Mypopos,0.685331831,0.048528768
Hist1h4k,0.685309503,2.92E-05
Smim4,0.684554722,0.006122449
Them6,0.684342352,0.0063645
Tnfrsf21,0.683166798,0.002431141
Hist1h4c,0.6816762,0.005165195
Hist2h3c2,0.681241315,0.012206043
Trbv31,0.680968067,0.036995046
Mrvi1,0.678259075,0.044334884
Hist1h3b,0.676629537,0.000182131
Tspan4,0.672214509,0.046507932
Nptxr,0.668635334,0.0154035
Ccnb1,0.666998804,0.011719774
Gas7,0.663738654,0.001035971
Gm13552,0.663346401,0.001843127
Creg1,0.658590016,0.00877301
Gm10116,0.657775015,0.002306348
Gzmf,0.657257643,0.029816264
Isyna1,0.656814845,0.048917614
Rmnd5b,0.656768983,0.00819477
Gaa,0.655184293,0.004462999
Nit2,0.653672476,0.032654204
H2afx,0.65281012,0.002022787
Hist1h4f,0.650357572,0.015967474
Tmem39b,0.647793702,0.021520412
Hist1h2bh,0.647334641,0.001070464
1600002K03Rik,0.645796044,0.04302463
Exoc3l,0.642226628,0.00869797
Trbv20,0.640427306,0.005778127
Gm9826,0.638702442,0.009801453
Gm3934,0.635031284,0.03780125
Hist1h2ap,0.634062433,0.017318644
Oip5,0.6336812,0.001392047
Pskh1,0.633299541,0.004579684
Tuba1b,0.633095245,0.002420932
Gm5406,0.631941045,0.041752915
Rsph3a,0.626022123,0.031280558
Gemin4,0.623491647,0.024824492
Zfp874b,0.621504718,0.048795077
Lpar5,0.621311192,0.030928648
Hist1h2ai,0.621164949,0.034598339
Gm4737,0.61837545,0.001104004
Ccna2,0.618164377,0.039063916
Rbbp9,0.61798771,0.009478677
Adk,0.615446542,0.025282554
Cd244,0.613535665,0.004165408
Zfp97,0.611006016,0.014237756
D3Ertd751e,0.609653735,0.012421723
Rps23,0.608284735,0.000597694
Cox18,0.607623214,0.008744575
Vash1,0.606801272,0.017432249
Cars2,0.606005166,0.032063139
1600002H07Rik,0.605209089,0.010452911
Gm14150,0.60334044,0.003322048
Gga2,0.60276628,0.01439849
Gm5931,0.599709336,0.003594129
Ccdc61,0.597728062,0.013880981
Pvrl3,0.595268532,0.038238822
Acsl1,0.594501786,0.012580397
Tmem8b,0.59251483,0.016808258
Trib3,0.591941614,0.00969493
Rpa3,0.591775071,0.004597552
Hist1h3h,0.590918473,0.000369504
Poc1a,0.590917133,0.005119766
Mtfr2,0.590081605,0.002385748
Rpl10,0.590067356,0.026623749
Rnaset2b,0.589908088,0.009177305
Gcnt1,0.589197891,0.015684844
Ctsd,0.588539185,0.002420218
Nphp1,0.588447272,0.027031494
Adnp,0.588241735,0.006968673
Hist1h2bg,0.584045803,0.004117393
Pafah2,0.582527352,0.021744127
Idi1,0.582188848,0.021402671
Dcaf15,0.581621743,0.007261135
Gm12989,0.58088182,0.00010586
Cdca3,0.580824407,0.019274568
Smo,0.578265116,0.045246043
Txnl4b,0.576737279,0.020499631
Dcakd,0.572396405,0.023049648
Dph1,0.570278397,0.011068393
Rfc2,0.569995354,0.022740782
Ube2c,0.564228489,0.000127717
Hist1h2ab,0.563061667,0.016827485
Jup,0.562729975,0.022328279
F2rl3,0.562453654,0.002232839
Cox5a,0.562333713,0.003450503
Hist1h4b,0.561714905,0.004739756
Tmem97,0.560847819,0.010496291
Bag2,0.560641782,0.006988226
Hist1h3a,0.559327662,0.005664513
Ska1,0.559300272,0.030188237
Prdm1,0.559236107,0.004221144
Hist1h3i,0.558831494,0.003146667
Tk1,0.558694699,0.018063676
Hist1h2ah,0.558498969,0.030504175
Gm6768,0.55624738,0.009539044
Emp3,0.555776887,0.022456089
Hist1h2ad,0.553731225,0.039708333
Gm7666,0.553234963,0.033304735
Hist2h3b,0.552916638,0.007025694
Kptn,0.55224097,0.043064556
Dhps,0.551493275,0.034186892
Aldh7a1,0.551452534,0.00762226
Ergic1,0.550692271,0.004083828
Coq7,0.549800998,0.005912267
Cuta,0.549795222,0.001364245
Fgr,0.549637151,0.033264212
Tysnd1,0.549626623,0.008560963
mt-Nd3,0.548396407,0.026133952
Ddias,0.548152313,0.010857274
1110065P20Rik,0.546596527,0.023447708
Lpcat4,0.546475114,0.014113131
Rpl27,0.546025403,0.008368337
Lrch4,0.544796404,0.045042408
Gm3362,0.54389994,0.015846334
Espl1,0.543494997,0.014742346
Ptges3,0.54326435,0.0038354
Abcb9,0.542717641,0.001735621
Cd320,0.541769815,0.018684994
Cdk5r1,0.541113255,0.034317997
Gm5812,0.540323994,0.009697993
Snx10,0.539433464,0.048664186
Cbx8,0.538270054,0.025557238
Mboat1,0.537973375,0.014378608
Hist1h4d,0.536379172,0.026838298
Gm5873,0.53486592,0.035607706
Nt5dc2,0.53359855,0.015071549
Hist1h2ao,0.533274269,0.04883147
Nenf,0.532978634,0.039565551
Prcp,0.528849518,0.00712005
Slc35f2,0.527710622,0.008358762
Xk,0.526104095,0.042527647
Abhd17c,0.525586151,0.016845716
Enkd1,0.52328999,0.03263976
Hist1h3d,0.521073274,0.005286933
Rps21,0.518579491,0.010535851
Nme2,0.518274853,0.031414279
2810417H13Rik,0.517978716,0.022601033
Zswim1,0.517819713,0.030936649
Rpl9-ps7,0.517773403,0.009504033
Alkbh6,0.517284179,0.020566302
Zfp72,0.516614594,0.047319442
Lyrm7,0.514779208,0.044043574
Mgat4b,0.514435878,0.041081112
Nudt7,0.513313466,0.042644014
Mt2,0.511828432,3.3E-05
Hmga1,0.511806729,0.002822306
Lztfl1,0.511296698,0.009912555
Rpl39-ps,0.51060972,0.000317186
Gm4482,0.510447347,0.036466419
Gm10145,0.509409401,0.034996585
Mrps34,0.507759367,0.000752213
Ogg1,0.506273635,0.027604032
Cisd1,0.506241747,0.021678582
Gm6204,0.505030272,0.012859816
Eno1,0.504401891,0.003966881
Rasgrp2,0.503004898,0.013078303
Slc7a11,0.502849066,0.035440123
L2hgdh,0.502302241,0.003934895
Pigp,0.501942367,0.007654903
Dalrd3,0.501590804,0.012069029
H6pd,0.50048048,0.001955336
Dck,0.500274159,0.0373818
Igf2bp2,0.499157154,0.003853672
Slc20a2,0.498135778,0.011589531
Siva1,0.494426929,0.003751548
Pgls,0.494344484,0.020227418
Spsb1,0.494213171,0.008374657
Mocs3,0.493300361,0.027171135
Igsf8,0.493269986,0.012972885
Fancl,0.491933509,0.005646097
Ubiad1,0.491740939,0.000136959
Xpnpep3,0.491377585,0.026361909
Lsm2,0.491322042,0.024957584
Gm6195,0.489131974,0.028915492
Slc29a1,0.489048604,0.012777865
Dut,0.488959474,0.04867136
Bcl2l12,0.488048869,0.02890971
Nmral1,0.487249423,0.030487815
Mcm4,0.487129193,0.041151904
Lmf2,0.486867042,0.000122763
Psma1,0.486584196,0.033896703
Farsb,0.485303784,0.002689267
Cbx3,0.485024554,0.008211678
Hmgb1,0.484823742,0.008390616
Gm6166,0.484666853,0.015832675
0610009O20Rik,0.48346134,0.012905771
Gm5903,0.483452358,0.009856999
Gm6644,0.482768568,0.006015203
Dag1,0.481721812,0.004454419
Pdxk,0.481461445,0.024967111
Pradc1,0.481133226,0.007410061
Siah2,0.480163105,0.010730699
Dna2,0.479720926,0.014501754
Nup37,0.478109077,0.011016828
Ncaph,0.478083525,0.011464546
Chchd6,0.477909022,0.012949909
Bcl7a,0.477771445,0.01313491
Acp1,0.477358878,0.007272911
Pold2,0.47621439,0.011323045
Ncln,0.475664934,0.004326792
Polh,0.475314562,0.024940443
Ribc1,0.474471204,0.037032332
Sgol2a,0.473895509,0.027481794
Gm5127,0.473588232,0.049318013
Letmd1,0.472539651,0.022595389
Gde1,0.469700471,0.002689966
Gm10123,0.46904952,0.00054599
Manbal,0.468948488,6.24E-05
Lrfn4,0.46880967,0.037193212
Tubb4b-ps1,0.468136083,0.027243298
Alg2,0.467227467,0.023227574
Fads2,0.466151421,0.007983782
Angel1,0.465902835,0.047112255
Hist1h2bj,0.463829426,0.00098976
Nle1,0.463563246,0.030330102
Unkl,0.462810864,0.006076329
Zfp652,0.462155248,0.033777468
Hist1h4j,0.461669562,0.019197026
Chtf18,0.460649413,0.04867005
Dclre1a,0.460417648,0.031856812
Ptma,0.460109468,0.002467107
Vegfb,0.459778317,0.046715617
Ficd,0.459192705,0.030296445
Gm12355,0.459080422,0.008280433
Reep4,0.458839745,0.001091939
Ech1,0.45864894,0.011594293
Eif4ebp1,0.458205501,0.000500121
Gtf3a,0.457976017,0.023116479
Med9,0.456948559,0.045794758
Rabac1,0.456837818,0.00277725
Gmds,0.456735191,0.031210367
Ankrd54,0.456589946,0.01243115
Ptp4a1,0.456486612,0.01626568
Rsl1,0.455345558,0.011076318
Atp5d,0.45457586,0.001544267
Id2,0.454514781,8.62E-05
Rpph1,0.454025112,0.010179935
Gm12396,0.453965463,0.017148268
Hist1h2bb,0.452548473,0.010077409
Ccdc85c,0.452133799,0.008042496
Haus4,0.451545516,0.029601592
Dnajc19-ps,0.450935979,0.00311057
Gm21596,0.44952188,0.035107257
Gm10074,0.448120346,0.00777401
Rabl3,0.447618506,0.001845898
Prepl,0.447297562,0.028765175
Rfk,0.446173717,0.000757541
Lag3,0.445099713,0.018872309
Nutf2-ps1,0.445041562,0.042050351
Uhrf1,0.44477939,0.024345748
Mrpl37,0.444728546,0.003767885
Dpy19l3,0.44416339,0.012613464
Gm13127,0.44374956,0.021225643
Gm6419,0.443140414,0.01875605
Cnnm4,0.44310587,0.001106091
Tmem216,0.442274613,0.024412304
Pim2,0.442243546,0.005525826
Btg3,0.44189506,0.001299305
Sema6d,0.441512927,0.01542123
Rps19-ps6,0.438945962,0.00756892
Haus7,0.43881902,0.005202199
Pglyrp2,0.438597055,0.042862416
Birc5,0.438094268,0.020454834
Sh3glb2,0.43743755,0.019606323
Alad,0.437024042,0.00658801
Aurkb,0.436452155,0.027485919
Kntc1,0.435954827,0.035948781
Gm3571,0.434121807,0.016253927
E130012A19Rik,0.434064702,0.009298481
Hmbs,0.433554779,0.012057146
Rab27a,0.433481942,0.002571645
Clpp,0.432346034,0.007555849
Timm50,0.432082965,0.010047056
Gm10241,0.431723841,0.049066614
Dab2ip,0.431057922,0.034533996
Asnsd1,0.430314301,0.004811703
Tcaim,0.428077165,0.023282377
Hyal2,0.427483598,0.045223573
Timm8a1,0.426688482,0.027788622
Edem2,0.42663259,0.029831421
Neu1,0.426456228,0.018608373
Qdpr,0.425821713,0.02687586
Slc35e1,0.425215722,0.002079857
Ftl1,0.424351047,0.000849464
Rnaset2a,0.423537497,0.009364846
Ksr1,0.422790063,0.01166566
Galk1,0.422180607,0.034276657
Mif,0.421707292,0.003325341
Tmem177,0.420502552,0.006756437
Gm8203,0.420327244,0.013695946
Agpat3,0.420050288,0.000837893
Gm16433,0.419971846,0.000462591
Gm6652,0.419814117,0.036120077
Kdelr2,0.419529013,0.00214278
Xrcc6bp1,0.419488842,0.017549704
Pigq,0.419467949,0.000971951
Poc1b,0.419300008,0.000215081
Mfsd5,0.419102454,0.006434149
Abhd11,0.418606483,0.033682185
Aprt,0.418604249,0.044485374
Rps27rt,0.41809011,0.00123053
Hist1h2bk,0.417556614,0.002482382
Dtx2,0.416819686,0.025401168
Tacc3,0.416710394,0.034046744
Phgdh,0.416494569,0.001922144
2510039O18Rik,0.415926083,0.033537563
Psmb3,0.415443886,0.017047418
Asb6,0.415189551,0.010293751
Hist1h4a,0.414456262,0.004500437
Abca2,0.413937111,0.006664668
Gm12565,0.413417135,0.016168393
Adck2,0.413364786,0.028043606
Asb2,0.413186329,0.040830926
Zfp712,0.412982105,0.030843635
Nxn,0.412919606,0.007585768
Gcsh,0.412601059,0.006045502
Emc4,0.412360966,0.034753846
Psmb10,0.412200473,0.018412474
Rps6ka1,0.411969918,3.32E-05
Pigs,0.411031341,0.002039194
Pomt2,0.410945767,0.032814247
Nhp2l1,0.410596323,0.001825858
Cdca2,0.410265814,0.011874047
Hist1h1d,0.410086229,0.001516238
Abhd17a,0.409154625,0.043956868
Cdc45,0.409102531,0.014308785
Lrr1,0.409050218,0.030433699
Mbip,0.40797704,0.042795024
Srm,0.407675458,0.002106088
Gm12138,0.40758582,0.008024181
Cdkn2c,0.407467399,0.029998351
1810055G02Rik,0.406983308,0.004081749
Ints5,0.406598512,0.003177355
Ppp2r4,0.406226793,0.028341757
Eri3,0.405811402,0.035649576
Rpl9-ps4,0.405640741,0.02947754
Gm9625,0.405526105,0.040706025
Csrp2,0.404855784,0.014405906
Pgam1-ps2,0.404076421,0.00108611
Mpzl3,0.403543885,0.044986221
Cdk4,0.403303693,0.042277881
Nudt21,0.402814086,0.006843389
Tprn,0.402378298,0.019015103
Ttll12,0.40205337,9.43E-05
Ero1lb,0.40195746,0.017425143
Ppp1r2-ps4,0.401885312,0.003556075
2700094K13Rik,0.401551365,0.024326763
Fam20a,0.401442057,0.001617176
Ddost,0.40134517,0.009925851
Kif11,0.400883297,0.032872042
Saal1,0.39986202,0.049629482
Lclat1,0.399707242,0.012506087
Gm4604,0.399531634,0.048250518
Spry4,0.399441128,0.002446275
Dolpp1,0.399358413,0.015702622
Sf3b5,0.398086747,0.014917895
Tmbim4,0.397876008,0.006259825
C1qbp,0.39715555,0.046529751
H3f3a,0.39713384,0.000473481
Rbm14,0.395566565,0.030830621
Pmf1,0.39469603,0.014112855
Echdc1,0.394544045,0.031203205
Gm6395,0.39429212,0.013194653
Tusc3,0.394063621,0.037570678
Tmem222,0.39382256,0.047268725
Chpf,0.393656338,0.002391223
Syngr2,0.392690274,0.000783697
Mmd,0.392475247,0.001180132
Ndor1,0.39247197,0.036303456
Tmem41b,0.392137805,0.009718073
Sigmar1,0.391883191,0.004008141
Rttn,0.390857457,0.04241515
Psmb5,0.390708713,0.012352358
Oaz1-ps,0.390708372,0.030959076
Zbed3,0.390694257,0.014360205
2410016O06Rik,0.39038505,0.00649788
Rnpep,0.390193653,0.000799004
Gm10254,0.389952587,0.003280664
Pgam1,0.389377185,0.00040026
2810428I15Rik,0.389116282,0.003888193
Tmem251,0.388590484,0.002040539
Ahcy,0.388564171,0.002252548
E2f6,0.388374835,0.020594857
Pycrl,0.388300433,0.013714891
Cad,0.388258591,0.024282945
Tmem219,0.387762036,0.034403863
Rpa2,0.387702802,0.032895231
Il2rb,0.387673602,0.000968931
Tspan3,0.387647751,0.034054421
Ccp110,0.387367146,0.02560757
Gsto1,0.387205426,0.020165509
Lgals3,0.387164788,0.002899583
Ppp6r2,0.384911739,0.032166749
Gpx1,0.384041856,0.004598025
Gng5,0.383978909,0.02200059
Csrnp2,0.383731106,0.028489692
Gpn3,0.383520635,0.031133581
Alg13,0.383201288,0.006415644
Taf5,0.382494215,0.045105934
Gm13502,0.382327518,0.024342703
Zfp593,0.381709491,0.012927543
Gm15501,0.381608156,0.015028072
Mcm7,0.380989095,0.034824094
Slc35c1,0.38092566,0.033241681
Dus4l,0.380871958,0.016771882
Chaf1b,0.380658161,0.028957939
Zc3hav1l,0.380586856,0.027889761
Vdac3-ps1,0.380457267,0.015687666
Rpl10a-ps1,0.380203272,0.002203805
Gps1,0.380032481,0.047341918
Rab4b,0.379994163,0.015810317
Ndufab1,0.379808234,0.034316681
Plekhj1,0.379255004,0.006234886
Ldha,0.378517893,0.011389244
Gm6472,0.378303682,0.002362724
Rpl18,0.377983809,0.00669284
Mad2l2,0.377262622,0.005826946
Mex3a,0.376943368,0.039043656
Slc9a8,0.376899939,0.001112498
Tmem230,0.376728518,0.033811836
Aqp9,0.376504362,0.044707644
Angel2,0.376199362,0.006973156
Klhl21,0.376183444,0.003901547
Fancf,0.375918149,0.003335259
Klhdc3,0.375796776,0.00127427
Lrwd1,0.375790106,0.001103466
Ubl4a,0.374896844,0.0342086
Rps2-ps10,0.374849933,0.006858287
Nelfe,0.374497491,0.011017037
Guk1,0.374392657,0.011650093
Gm15975,0.373545445,0.002715825
Terc,0.372964852,0.030950666
Spata24,0.372663109,0.037113322
1500011K16Rik,0.372639848,0.022085313
Kansl2-ps,0.372436684,0.032063742
Zfp939,0.372404318,0.019725855
Gm4353,0.371850877,0.047613263
Pim3,0.371063976,0.005801046
Fzr1,0.370229855,0.012377606
Shkbp1,0.37017214,0.016590151
Cbx6,0.369749797,0.002621902
Slc25a25,0.369042966,0.000240415
Trpv2,0.368889338,0.00393468
Psmd3,0.368816006,0.008303816
Rpl23a-ps3,0.368570368,0.010006937
Irf2bpl,0.368184551,0.021120983
Akirin1,0.368146655,0.000839985
Fh1,0.367399488,0.012440452
Gtpbp10,0.367319346,0.029492143
Slc25a1,0.367080023,0.0021221
Carnmt1,0.366870734,0.020672532
Mfng,0.366750787,0.001186782
Gm10221,0.366651734,0.020633902
Anxa2,0.365161302,0.000963407
Sppl2b,0.365019727,0.004912719
Sec24d,0.364347588,0.009704969
Aph1a,0.364269554,0.033195232
St3gal4,0.364188042,0.03044679
Gm4332,0.363929411,0.00693567
Ctnnd2,0.3629761,0.00645937
Ptges2,0.361731589,0.029365776
Pcna-ps2,0.361721884,0.015291134
Thap11,0.361244291,0.006775495
Zfp598,0.36123256,0.010749256
Zfp738,0.361012544,0.012613755
Lzts1,0.36098888,0.036949761
Npepl1,0.360398702,0.030495864
Adamts14,0.360225778,0.021538583
Rhbdd2,0.360060137,0.025926792
Gm5580,0.359558971,0.024834815
Kctd11,0.35818536,0.041291812
Pced1a,0.357847538,0.045971046
Trp53rka,0.357699865,0.036101156
Mrpl38,0.357588455,0.035953181
Wrb,0.356703671,0.016517803
Cdt1,0.356206687,0.001926322
Isca1,0.356183999,0.015113973
Ide,0.356102542,0.00119737
Tango6,0.355926322,0.034476698
Aar2,0.355221542,0.007883716
Ap1g2,0.354672477,0.003478871
Prpf19,0.354282711,0.029638824
D730003I15Rik,0.35397283,0.018079942
Ndufa10,0.353557868,0.022320798
Ptbp1,0.353360759,0.012117295
Med10,0.352531174,0.04493285
Rpl31-ps8,0.352315277,0.02665478
Lfng,0.352305043,0.008757144
Zfp703,0.352236444,0.037797084
Rad51,0.352127418,0.036617659
Lta,0.351737563,0.042333453
Ilk,0.351613795,0.021332632
Amdhd2,0.351552764,0.042392905
Isoc1,0.351351118,0.030882314
Srp9,0.350764659,0.033971131
Mfsd1,0.349792934,0.012405105
Ak3,0.348450617,0.03897868
Lcmt2,0.348382987,0.008636337
Mrps12,0.347895068,0.04300312
Acot8,0.347777072,0.033998313
Sema4a,0.347700942,0.002634764
Desi1,0.347579589,0.015692167
Sdhb,0.34739995,0.02071187
Ankrd10,0.346355905,0.026655901
Tspan31,0.34596087,0.00303849
Hist1h2ac,0.345707157,0.002713219
Ppp2r1a,0.345038487,0.014373542
Clstn1,0.34448362,0.002489505
Lrp5,0.344419599,0.03932231
Glrx5,0.343974056,0.01481806
Gen1,0.343922088,0.008064964
Rcl1,0.343541646,0.013643545
Emb,0.342963046,0.005614573
Mt1,0.342529469,0.004030335
Fadd,0.341934153,0.005875947
Fpgs,0.341384376,0.015956967
Gm13910,0.341374433,0.005323202
Ccne1,0.340147251,0.02695942
Mri1,0.339963835,0.017505381
Gm8430,0.339555669,0.026358888
Cox6a1,0.339039907,0.000775022
Zdhhc7,0.338770273,0.046329365
Nudt1,0.338426107,0.020607192
Glo1,0.338056604,0.025137144
Pgrmc1,0.337824771,0.014420145
Gm6169,0.337747567,0.006515392
Slc25a39,0.337672962,0.007498836
Nfil3,0.337289079,0.038435987
Ndufc2,0.337211904,0.024534521
Spcs1,0.337186114,0.002556887
Wdr92,0.337088311,0.009032846
Med25,0.33699135,0.000734088
Tagln2,0.336456432,0.006151135
Acaca,0.33641557,0.024065596
Tomm40,0.336334977,0.021907298
Serp1,0.336180459,0.000452164
Dvl2,0.335949428,0.040037887
Npm3,0.335942343,0.015147566
Atp11c,0.335910997,0.005488662
Mtbp,0.335791189,0.005075751
Spryd7,0.334883813,0.018029359
Cenpa,0.334856057,0.038029142
Trp53,0.334264495,0.000262271
Hunk,0.334097996,0.048809467
Mrps22,0.333245119,0.001151273
Iqsec1,0.333035593,0.04087754
Fam220a,0.332707076,0.01108923
Exog,0.332370089,0.00148799
Tdg,0.332096251,0.00843825
Trav7-3,0.332049579,0.046844672
Pmpca,0.332030979,0.000884683
Tpt1,0.331737127,0.004369521
Rnf126,0.331136015,0.003170356
Cdk7,0.330979534,0.012640419
Chsy1,0.330603139,0.000430302
Faf1,0.330203221,0.018287132
Hmgn2,0.329731961,0.005536058
Hprt,0.328890159,0.045157739
Cyb5r1,0.328623552,0.014012495
Gm7236,0.328536481,0.032192997
Tgfbr2,0.328455848,0.025530586
Capza1,0.328118176,0.001590328
Hbs1l,0.32779338,0.008570054
Zfp280c,0.326852776,0.027157703
Troap,0.326616222,0.029392998
Trim28,0.325995108,0.003737531
Tfg,0.325681535,0.001628405
Timm17b,0.325668895,0.036005382
Paqr3,0.325324772,0.03401023
Donson,0.325033584,0.000840315
Ptrhd1,0.32499547,0.014521998
Aldh9a1,0.324942422,0.041244111
Mnd1,0.324850373,0.038406736
Gm8822,0.324280889,0.014172567
Gm10232,0.324168075,0.025298066
Snrnp40,0.323990171,0.005239579
Banf1,0.323913144,0.049968737
Pgam5,0.32375467,0.001855076
Set,0.323705185,0.00484514
Mphosph9,0.323154672,0.033259058
Ifitm2,0.322970783,0.038501843
Slc39a14,0.322946094,0.02355532
Tmed2,0.322885929,0.046650081
Got2,0.322760702,0.025441414
Ndufs8,0.322693671,0.027880964
Ppm1j,0.322389467,0.029482779
Lamp2,0.321648314,0.000429915
Ndufv1,0.321387787,0.019115196
Pik3cd,0.320786287,0.015431656
Ppard,0.320459813,0.036830258
Ddx28,0.320426941,0.021285268
Sgta,0.320165399,0.001076009
Scd1,0.319616535,0.031764517
Def8,0.319425316,0.012967624
Snd1,0.319371199,0.00229158
Plp2,0.318223429,0.044393556
1110008F13Rik,0.317936249,0.004962618
Gm10184,0.317929383,0.035103736
S1pr2,0.317569418,0.047451455
Yipf4,0.317423695,0.026338416
Ran,0.317268587,0.030244319
Tob1,0.317090258,0.024187535
Dhcr24,0.317000393,0.022523312
Aco1,0.316858321,0.032879469
Cstf1,0.316780762,0.013651014
Usp5,0.316575666,0.017294615
Wdr6,0.31597003,0.048640709
Sdhc,0.315916164,0.016786918
Emc10,0.315908356,0.011096735
Uqcr10,0.315855591,0.012534796
Spc24,0.315719375,0.018710598
Cdk5,0.315506011,0.042483126
Lmo4,0.315475434,0.014756872
Bcl2a1b,0.315408689,0.049021212
Shmt2,0.315063833,0.002531029
Rpl28,0.314862015,0.045406646
Lmna,0.314689619,0.042967824
Rps26-ps1,0.31417456,0.010328535
Pgk1,0.314014994,0.00631758
Eml3,0.313818828,0.008934813
Nup210,0.313487722,0.010154081
Neto2,0.313424004,0.009219454
Psat1,0.313416358,0.031616377
Suv39h2,0.313329673,0.029408111
Slc25a5,0.313305711,0.009184561
Bmpr1a,0.312936393,0.046042807
Gas2,0.312737537,0.004830735
Sema4d,0.312471063,0.000701817
E2f1,0.312442076,0.02196315
Gm2000,0.312304286,0.005355807
Mesdc1,0.312281368,0.014852379
Tmem201,0.311840983,0.001656941
Pelo,0.311592583,0.013410407
Mrps18b,0.311561,0.049655211
Klf16,0.311445645,0.001082643
Carhsp1,0.311364455,0.007439109
Emc6,0.311030031,0.033714501
Psma5,0.310927993,0.004554399
Anapc11,0.310592185,0.001993231
Gm4540,0.310451945,0.024892432
Herpud1,0.310221099,0.018839287
Ccdc58,0.310105927,0.028594674
Rtn3,0.310088836,0.006303632
Slc19a2,0.309856674,0.001145912
Tsc2,0.309827009,0.006939259
Fastkd2,0.30976009,0.006868054
Rpsa-ps10,0.309707139,0.040040994
Slc1a5,0.309678976,0.003833331
Rps23-ps1,0.309666946,0.000640211
Rnh1,0.309529579,0.002509696
Rps15,0.308976454,0.002779613
Dtnbp1,0.308930396,0.016922634
Sall2,0.308853916,0.022949796
Skp2,0.308617959,0.002749738
Pnp,0.308038326,0.023141665
Scarna10,0.307458323,0.014391685
Pstk,0.306576148,0.024091104
Rpl7-ps7,0.305726679,0.022984953
H3f3b,0.305710761,0.000305459
Mrpl35,0.305593016,0.01367038
Bst2,0.305311514,0.020606406
Rnf187,0.305247388,0.00295062
Spry2,0.304501978,0.042085214
Tnfrsf1b,0.304285653,0.009796678
Gm12174,0.304268056,0.012249035
Elp4,0.304250852,0.015468425
Impdh1,0.303683647,0.001119761
Kcnq5,0.303533816,0.002115085
Tsen34,0.303462945,0.00368767
2310009B15Rik,0.303256853,0.017661012
Naf1,0.303207635,0.046033861
Tmco4,0.302735866,0.035829344
Dennd4b,0.302717645,0.000772653
Ubqln2,0.302603686,0.049747986
Kctd12,0.30142325,0.027919634
Gnpda1,0.301322911,0.020061897
Tmem189,0.300896488,0.026079826
Stk16,0.300874186,0.021022516
Gm7536,0.300724121,0.003610421
Noct,0.300527588,0.036701473
Wdr73,0.300483226,0.025270045
Lonp1,0.300457937,0.000262288
Rpl35,0.300224064,0.049441216
Txndc5,0.300170434,0.008080695
Hspbp1,0.300161527,0.022228483
Ncdn,0.300024929,0.015127128
Wdr74,0.299859361,0.000561536
Mrpl30,0.299689881,0.00150403
Mrpl11,0.299591766,0.038466145
Pacs2,0.299233041,0.005211761
Tusc2,0.299135951,0.009252777
Socs1,0.299119712,0.049068576
Faap24,0.299062895,0.014303436
Zfp706,0.298954173,0.001721148
Gm7334,0.298427385,0.014844487
Gm13680,0.298369088,0.002652784
Cd164,0.297848579,0.011043655
Rps6,0.297449934,0.004009477
Psmc3ip,0.296851335,0.006686072
Ntan1,0.296698376,0.022873196
Gm12734,0.295897749,0.044685952
Slc25a33,0.295878792,0.018916575
Pyroxd1,0.295075027,0.018193349
Myg1,0.295064141,0.022507975
Map10,0.294988236,0.039121076
Gm15210,0.29446944,0.001014752
Eif2d,0.29427404,0.016614236
Eif2s3x,0.294137883,0.03413975
Ssr3,0.293824884,0.019462751
Rfwd3,0.29336669,0.047423032
Zfand3,0.293191415,0.037229151
Prpsap1,0.293132866,0.040947356
Dpp9,0.292476746,0.000511649
Gemin7,0.291884384,0.010190517
Nhp2,0.291816233,0.022840231
Rae1,0.291710566,0.002849831
2410004B18Rik,0.291663464,0.007879218
Sephs2,0.291334448,0.001505471
Nup155,0.2911499,0.017177479
Pogk,0.291133198,0.024913854
Psma6,0.291102909,0.038101266
Mrps6,0.290343677,0.008760307
Mrpl47,0.290040601,0.014629701
Nagpa,0.289592227,0.024528067
Mob3a,0.289524561,0.00252493
Wdr18,0.289234596,0.022433519
Gm14121,0.289180087,0.033352109
Slc7a5,0.289055847,0.010763327
Gm14048,0.28885682,0.036528629
Atp13a3,0.288728127,0.024974133
Elmo2,0.288254409,0.002989099
B4galnt1,0.288182074,0.003452599
Rps2,0.288058349,0.000933842
Gnb2,0.287865555,0.002435875
Uqcrq,0.28775762,0.035915136
Polr2e,0.287680292,0.015575149
Actg1,0.287677782,0.036217323
Gnb2l1,0.287499402,0.000524277
Cdyl,0.287454334,0.045797787
Hnrnpf,0.287150075,0.001609347
Vhl,0.287079106,0.013474429
Mrpl23-ps1,0.286911761,0.000982287
Gzme,0.286243863,0.005454516
B4galnt4,0.286109704,0.000922183
Rbmxl1,0.285736159,0.000169615
Igf2bp3,0.285603967,0.014375747
Prdx3,0.28556055,0.017597934
Clns1a,0.285495886,0.002229421
Gm12263,0.284925989,0.010127233
Serpina3g,0.284780222,0.012980954
Fxn,0.284750263,0.035620765
Add3,0.284719057,0.018340741
Impdh2,0.284631722,0.021610108
Mex3d,0.284519145,0.033839943
Alg10b,0.284337277,0.033914364
Htatip2,0.284277346,0.020879208
Nkg7,0.28395104,0.000601881
Tigd5,0.283938697,0.030660674
Ugcg,0.283930457,0.010282837
Mtr,0.283441041,0.048633699
Rac2,0.283175917,0.009274248
Dus1l,0.282929094,0.024152967
Plek,0.282867507,0.012768342
Tesk1,0.282774667,0.015072927
Gm7964,0.282419767,0.015973703
Ube2e3,0.282040458,0.022780921
Colgalt1,0.281550273,0.002048628
Akr1b3,0.281293592,0.009013288
Tfdp1,0.281247463,0.023700066
Tbrg4,0.280774821,0.019012227
Rnf138,0.280508543,0.034954683
Mbtps2,0.280259578,0.046277317
Rap1a,0.280093367,0.016903567
Hccs,0.280076482,0.003775666
Fbxl14,0.280055466,0.004146298
Ckap2,0.280023735,0.013632485
Pdk3,0.280019733,0.045131308
Gm10053,0.279988873,0.049490893
Gm17709,0.279591254,0.007231742
Mvb12a,0.279383351,0.028700646
Mrps31,0.279347602,0.010223226
Ganab,0.279122213,0.002148093
Josd1,0.279106692,0.000375832
Tefm,0.279046562,0.041283251
Ext2,0.27887902,0.012189304
Mydgf,0.278619361,0.041169004
Slc35a4,0.278500922,0.000424222
Znrd1,0.278369604,0.020644682
Tmem39a,0.278355255,0.007762655
Gtf2b,0.277920486,0.046907558
Polk,0.277711446,0.005441784
Itpa,0.277657782,0.00094636
Cct4,0.276936492,0.01431435
Slc36a4,0.276832669,0.017267146
Gm8399,0.276485267,0.000594176
Gtpbp1,0.276419764,0.000954507
Fasn,0.276415149,0.02052089
Ctu2,0.27619885,0.023789885
Ift20,0.275896184,0.036271112
Mcoln1,0.275512276,0.044118324
Als2,0.275257333,0.001419849
Mob2,0.274989695,0.049858202
Mrpl20,0.274865093,0.016821787
Mcm5,0.274822401,0.027186793
Prdx1,0.274792418,0.032962493
Vcp-rs,0.274611513,0.025597767
Lrp10,0.274409883,0.032054794
Rpl34-ps1,0.274409262,0.00289289
Surf4,0.274371803,0.001540378
Nek2,0.274364865,0.044956266
Cdca4,0.274293497,0.003397585
Dctn2,0.274111006,0.003069656
Slc30a1,0.273562363,0.045518964
Gm7488,0.273013672,0.04780839
Nr4a2,0.27284705,0.020384114
Trbc2,0.272316248,0.009586169
Poldip2,0.272244973,0.015614164
Scamp2,0.272201851,0.047733988
Atp6v1c1,0.271875449,0.036505584
Gm8116,0.271837886,0.02226376
Tuba1c,0.271751427,0.031565856
Dhx33,0.27157488,0.008922274
Derl1,0.271564565,0.011530126
Mrrf,0.27134641,0.004149878
Agpat2,0.271308149,0.025017513
Nup85,0.270976969,0.024898103
Clptm1,0.270633941,0.004028123
Rnf130,0.270482135,0.005698312
Scap,0.27018673,0.009647946
Apex2,0.270074995,0.007445881
Txn2,0.270019288,0.005097436
Fpgt,0.270009192,0.048760639
Ostc,0.269660065,0.002188884
Proser1,0.269526641,0.001843611
D630045J12Rik,0.269168036,0.008703137
Gm15459,0.268913526,0.031011035
Minpp1,0.268648481,0.000271861
Faap100,0.267912628,0.041268159
Chchd2,0.267588802,0.010696125
Ap5m1,0.267262317,0.004516129
Sec61b,0.267244525,0.008899853
Ipo13,0.266881738,0.044162783
Gm4366,0.26670815,5.98E-05
Slc30a4,0.26609028,0.04765499
Psme2b,0.265431592,0.002425855
Polr3f,0.264915202,0.005391144
Cmtr2,0.264717388,0.010724386
Gmps,0.264355388,0.00142648
BC035044,0.263840183,0.021473573
Taf10,0.26380968,0.015499244
Mrpl46,0.263379678,0.046434554
Cep44,0.263338833,0.04942627
Rnf7,0.26332118,0.025476718
Tkt,0.263206724,0.003467684
Pop5,0.262355631,0.017586865
Fosl1,0.262193349,0.024847969
Gm11585,0.262176705,0.048227214
Zfp235,0.262114125,0.048862086
Ythdf1,0.26198359,0.01202471
Tubb4b,0.261975048,0.027033094
Zfp296,0.261901679,0.010541637
Tjap1,0.26188964,0.000880814
Lmnb1,0.261612378,0.006888384
Mms19,0.261484952,0.002254718
Ube2d2a,0.26140192,0.019277449
Adap1,0.261214252,0.01581085
Rdh13,0.261198387,0.020586435
Dlat,0.261044282,0.002508254
Rps27a-ps2,0.260874075,0.015353631
Bud13,0.260455974,0.000521628
B4gat1,0.259924516,0.007258355
Zc3h14,0.259879696,0.002686348
Tmem9b,0.259794435,0.004202877
Afg3l1,0.2593265,0.044690946
Klhl22,0.259295069,0.032383331
Kctd5,0.259130772,0.034900457
Hspa8,0.258985735,0.016610453
Snrpf,0.258850146,0.022012208
Ly6e,0.258645961,0.026859882
Pwp2,0.258546579,0.009080651
Sec14l1,0.258207876,0.009616912
Amd1,0.257974145,0.009562042
Nudt16l1,0.25753871,0.023355308
Zmiz2,0.25735455,0.024828837
Pnpla2,0.25719092,0.009898272
Naca,0.256922674,0.015929283
Zfp251,0.256902743,0.016532114
Map1s,0.256870577,0.001503638
Cse1l,0.256763276,0.036415361
Cs,0.256700068,0.047618152
2410006H16Rik,0.25626761,0.002956957
Zfp27,0.256242205,0.047642817
Ddx39b,0.256085071,0.032229377
Gm2423,0.256053256,0.038978142
Slc35c2,0.25574761,0.031496549
Mrpl54,0.25566792,0.011063912
Rnft1,0.255629582,0.023405382
Eif4a-ps4,0.255546684,0.019486984
Tmem165,0.255484465,0.005975328
Stil,0.255178461,0.001279366
Fen1,0.254912041,0.016505454
D15Ertd621e,0.254606641,0.00211647
Cln8,0.254578882,0.02726239
Tmed3,0.254561376,0.039611663
Orc2,0.25424348,0.048210398
Gm13835,0.254187714,0.016669047
Mrpl45,0.253910504,0.008100485
Exosc8,0.253882688,0.035547728
Phb2,0.253618326,0.045774343
Mcm3,0.253120042,0.019497379
Tmpo,0.252398435,0.007748907
Krtcap2,0.252168789,0.010718638
Ndufa6,0.251995457,0.002386721
Rwdd1,0.251851602,0.027908619
Sfxn1,0.25177647,0.023821948
Mars2,0.251743797,0.022408017
Gsr,0.251688479,0.003093764
Rps8,0.251477817,0.002704042
Asns,0.2512963,0.043555741
Noa1,0.250997754,0.005863018
E130309D02Rik,0.250887679,0.021407667
Pigh,0.250823494,0.034259997
Tgfb1,0.250640249,0.00495565
Zbtb48,0.250197211,0.049468015
Rps10-ps2,0.250164516,0.003533696
Crls1,0.250097515,0.017752928
Urgcp,0.249966968,0.011825659
Vars,0.249949693,0.002376849
Gnpat,0.249896298,0.008797866
Snrpb,0.24970463,0.008108633
Lman2,0.24943781,0.002387565
Tmem123,0.249306372,0.025922313
Ikzf3,0.249245732,0.004261306
Gm12918,0.249047481,0.030024609
Phospho2,0.248464592,0.008685897
Cpsf3l,0.248161215,0.00571158
Tceb2,0.248125821,0.009655949
Pxn,0.24802001,0.007966792
Fam58b,0.247334848,0.028268637
Psmb8,0.24666505,0.00237076
Med16,0.246402218,0.020954071
Eaf1,0.246049481,0.000206599
Lef1,0.245761141,0.034403903
Pfas,0.245493433,0.048208702
Sar1a,0.245451614,0.001985989
Mtch1,0.245352771,0.044777825
Mta1,0.245297876,0.00963308
Slc25a44,0.245216413,0.001595192
Sdhaf2,0.245160583,0.020614975
Yrdc,0.244987106,0.042040794
Sh3bp1,0.244973792,0.037890318
Coro1a,0.244818233,0.000505959
Nubp2,0.244177198,0.021462273
Mast3,0.244056548,0.019720537
Prmt5,0.243747482,0.029389363
Srsf2,0.243556761,0.011831735
Usp39,0.243278038,0.000243305
Mrpl13,0.24321505,0.047870687
Trmt1,0.24288326,0.019684287
Mapk1ip1l,0.242669044,0.041641638
Gm2541,0.242487685,0.049925353
Uqcrc2,0.241743373,0.026617009
Dtwd2,0.241497165,0.043220996
Eif3f,0.241420339,0.049556976
Ppa1,0.241380436,0.044721708
0610007P14Rik,0.241250517,0.044403873
Actb,0.241249497,0.026431323
Gm9825,0.241205523,0.007885065
Ifnar2,0.241031207,0.032341062
Alg5,0.24074019,0.023866307
Tmed7,0.240717759,0.010285295
Atp6v1b2,0.240157484,0.019940261
Cdc42,0.239881369,0.031779376
Gsk3b,0.239704884,0.021773911
Nab1,0.239377516,0.000911406
Zdhhc18,0.239094624,0.004581267
Mrpl52,0.238887893,0.014330348
Nop9,0.238620167,0.025760202
Ybx1-ps2,0.238600478,0.000813705
Kif4,0.238546317,0.018998294
Crkl,0.238525709,0.021918149
Gclm,0.2381336,0.022141594
Npm3-ps1,0.238100321,0.034781484
Map2k3,0.238079018,0.03104787
March5,0.237987157,0.041594018
Hist1h4n,0.237696863,0.044137107
Cfap20,0.237371649,0.001418254
Alyref,0.237129492,0.044039984
Ube2l3,0.237061447,0.03156063
Ddx19b,0.236837531,0.00634123
Tstd3,0.236670194,0.008870564
Bub3,0.236647289,0.013754875
Ppargc1b,0.23603867,0.010397175
Mdh1,0.235776576,0.020389611
Neurl4,0.235517017,0.046835032
Nelfb,0.235414913,0.034033424
Gorasp2,0.234614453,0.045109928
Med27,0.23458111,0.036814962
Pom121,0.234103652,0.018571356
Akirin2,0.233983075,0.034792665
Fth1,0.233900062,0.01737744
Stk24,0.23387674,0.035694075
Scpep1,0.233596484,0.009789853
Dis3,0.233255599,0.011518061
Slc44a2,0.233181895,0.035098991
Cox6c,0.232879036,0.000353336
Carm1,0.232787953,0.028808071
Rhoq,0.232469767,0.004382564
Hn1,0.232450676,0.006699006
Anapc15,0.232435518,0.048570588
Ruvbl2,0.23194304,0.041178684
Zdhhc3,0.231680585,0.018666759
Acly,0.231532309,0.009149354
Phf10,0.231377912,0.009882969
Dusp7,0.231348187,0.010751968
Taldo1,0.231167635,0.026381183
Atox1,0.230853177,0.025390971
2610507B11Rik,0.23078483,0.039139825
Mrpl48,0.230778293,0.024491012
Ybx1,0.230739344,0.013456874
Asf1a,0.230175951,0.025378882
Gadd45gip1,0.230094518,0.041955322
Akt2,0.229685531,0.037083808
Sympk,0.229470997,0.03458376
Kpnb1,0.229117399,0.012120527
Lgals1,0.228936662,0.009943196
Ppif,0.22891673,0.021089669
Gemin6,0.228232202,0.023203289
Rwdd2b,0.228001665,0.002535346
Ndc1,0.227964999,0.037042937
Aldh18a1,0.227897706,0.02658841
1700017B05Rik,0.227686372,0.007932777
Zfp516,0.227324299,0.04324988
Hmgb2,0.227022782,0.013772046
Por,0.22679337,0.03285865
Tmem128,0.226023127,0.004193138
Gm9774,0.225876286,0.020953755
Cers5,0.225759109,0.015908491
Clptm1l,0.225351434,0.007125687
Slc25a38,0.225114476,0.02601346
Dnajc5,0.225001116,0.021373676
Zadh2,0.224927146,0.010697987
Reep5,0.224534973,0.018428437
Ywhaq,0.224386882,0.041863253
Slx4ip,0.224223385,0.036712316
Psmb9,0.224005488,0.028372881
Ppdpf,0.223822896,0.034816514
Pithd1,0.223618794,0.031354944
Rpn1,0.223534146,0.001949823
Cep170b,0.222477729,0.003949255
Fam92a,0.222361583,0.049296115
Kti12,0.222001086,0.04114898
Ercc6l,0.221890046,0.038886964
Sec61a1,0.221820022,0.03129511
Rhof,0.221787581,0.003536937
Midn,0.221732213,0.041478464
Bre,0.22088536,0.049888753
Rpl9-ps6,0.220282287,0.009583883
Nfyc,0.220151673,0.021054129
Xlr4b,0.220068571,0.029948321
Bri3bp,0.219636398,0.021835408
Tsen15,0.219301986,0.037465449
Avpi1,0.219275409,0.036172355
Got2-ps1,0.219066588,0.045234511
Ssx2ip,0.218822725,0.048501043
Fdft1,0.218423102,0.021167659
Vapa,0.218248026,0.01807522
Ndufs1,0.218126523,0.041460902
Bmi1,0.217613546,0.021708241
Rpl36,0.217561945,0.007372364
BC048403,0.217192258,0.013530451
Gars,0.217108171,0.003708537
Gm13436,0.216258635,0.00881213
Rprd1b,0.215864312,0.017305037
Ywhaz,0.215829065,0.007987678
Suclg2,0.215743893,0.020998233
Pfn1,0.215634993,0.005264471
Vta1,0.215321083,0.012863833
Abce1,0.215130007,0.020641522
Bag4,0.214736906,0.001791519
Ptp4a2,0.214644686,0.002864214
Litaf,0.214618533,0.008630317
N4bp3,0.21387232,0.004161456
Rbbp8,0.213617714,0.022852527
Cope,0.213483739,0.015740962
Gm7901,0.212994096,0.009108407
Srebf2,0.212513143,0.004404337
Spr,0.212415447,0.044678667
2900097C17Rik,0.212071257,0.004135645
Gclc,0.211493891,0.007376583
Asrgl1,0.211486024,0.015314415
Icmt,0.211298514,0.007114155
Gm9755,0.211125956,0.020498426
Stt3b,0.210946971,0.045470221
Pigo,0.210879363,0.026264495
Lancl2,0.210450547,0.031319931
Ly75,0.210406509,0.047492078
Naa10,0.209696425,0.020145118
Gm5637,0.209519626,0.009357502
Qsox2,0.209425503,0.042199704
Cdc123,0.209259331,0.012168909
Acot7,0.208596246,0.001612109
Atp5e,0.208572418,0.047134092
Bpnt1,0.208475479,0.033441541
Sh3glb1,0.208125542,0.010784847
Kdm8,0.207994983,0.008122177
Usp14,0.207914308,0.047914114
Gm13136,0.207615647,0.005735673
Tubd1,0.207007457,0.016377259
Mthfd2,0.206984056,0.024601745
Pdcd2,0.206943073,0.035877888
Tcea1-ps1,0.206929547,0.031164697
Ttpal,0.206867876,0.005743939
Rps10,0.206722249,0.031776349
Vps18,0.206123716,0.047377594
Ogdh,0.205859673,0.046025257
Cdk2ap2,0.205634683,0.035392503
Adrbk1,0.205618078,0.007471843
Mtf2,0.205536194,0.001145648
Usp46,0.205482723,0.030471495
Rbx1,0.205140164,0.00874498
Rela,0.204802785,0.031515871
Vdac3,0.204427524,0.04176083
Uck2,0.204233029,0.008352737
Galnt1,0.204164388,0.018871996
Asna1,0.204083236,0.001383182
Bag6,0.203917982,0.000140317
Chek1,0.203896731,0.040887027
Gnptab,0.203876486,0.006852897
Phax,0.203794931,0.020506954
Pot1a,0.203575409,0.048195492
Rab11a,0.203446441,0.033355819
Cops4,0.203332028,0.048641133
Prkch,0.203210602,0.020612
Prdx6,0.203191899,0.027691266
Zc3hc1,0.201691111,0.046145834
Rhog,0.20148721,0.003962915
Fam206a,0.201346991,0.010434246
Pex2,0.2008092,0.040980396
Otub1,0.200800728,0.005573552
Ndufa9,0.200794416,0.007498001
Slain1,0.200577514,0.003188864
Cbfb,0.200068569,0.000638009
Raver1,0.199441083,0.014335675
Usp53,0.199299282,0.037728471
Cyp51,0.199216025,0.012364553
Psmb4,0.199106381,0.007949648
Ppat,0.198949689,0.02598917
Prkrir,0.198888286,0.016664698
Cox8a,0.198870457,0.014972351
Atp5f1,0.198824075,0.035605198
Ndufs2,0.198821783,0.039966006
Foxk2,0.198365979,0.012439632
Mfsd11,0.19746842,0.028344463
Slc25a32,0.197277081,0.033843325
Eid2,0.197145201,0.028712519
Jak3,0.196553565,0.041546593
Arfip2,0.196390223,0.009505019
Ipmk,0.195875431,0.002430303
Ints1,0.195571894,0.003346158
Usp3,0.19542239,0.002885867
Ctbp1,0.195115172,0.003762964
Rac1,0.195088393,0.022522837
Nfatc3,0.195024602,0.03787519
Hipk3,0.194969351,0.031647232
Ptp4a3,0.194968358,0.005151596
Cdk9,0.194803411,0.021206359
Edem1,0.19465689,0.011585649
Tsen2,0.194426503,0.012547306
Gm9761,0.194047249,0.001227469
Aup1,0.193775999,0.013238383
Tmem256,0.193420823,0.048202986
Ankrd26,0.193384406,0.013919864
Bcap31,0.193354613,0.014803876
Itpripl2,0.192694821,0.024884063
Slc25a30,0.192569452,0.014793439
Cops3,0.192313883,0.005832647
Polr3a,0.191333387,0.027005552
Gm9769,0.191260236,0.010642587
Naa50,0.191075457,0.030472935
Psmd13,0.190834451,0.02759116
Rpl7a,0.190644058,0.009513322
Tcea1,0.190567169,0.021127366
Prdm4,0.190034112,0.004044834
Slc16a6,0.189888127,0.011154025
Ube2g1,0.189866136,0.020828372
Gramd4,0.189510785,0.007155551
Fem1a,0.189075064,0.046328436
Usf1,0.188993591,0.047175134
Vimp,0.188970019,0.000144349
Psmc4,0.188954999,0.04085486
Relb,0.188835804,0.034100152
Rpl3-ps1,0.188389975,0.010628624
Nupl1,0.188301484,0.041239272
Kcmf1,0.188253411,0.010949829
Crtap,0.188050696,0.017961821
Med23,0.187579228,0.022906783
Emd,0.187537487,0.012838166
Armc1,0.187531478,0.008161571
Trim35,0.187361765,0.000615488
Edc4,0.187216164,0.026767724
Ino80c,0.187131515,0.033022702
Pofut2,0.187116544,0.003007521
Lax1,0.186894594,0.046551194
Zcchc4,0.186795517,0.006774807
Lta4h,0.186415082,0.042465342
Gpi1,0.185967235,0.030050123
Zfx,0.185836804,0.019912114
Ap2a1,0.185522466,0.035806426
Rb1,0.184909079,0.029561295
Sipa1,0.184856024,0.047202797
Mlxip,0.184527452,0.041017541
Znrf3,0.184393448,0.011664883
Tmem33,0.18438182,0.004577283
Khsrp,0.184043745,0.003391163
Ppp1r3b,0.183864238,0.018260211
Gm7993,0.183807122,0.031694085
Ucp2,0.183734483,0.006183154
Alkbh5,0.18358291,0.030813827
Naa60,0.183287988,0.035037661
Gm15427,0.183193486,0.009314081
Glipr2,0.182933619,0.011240747
Atp8b2,0.18276115,0.041543456
Trpc4ap,0.182589958,0.038078064
Polr2m,0.182313332,0.021782185
Ppib,0.182115533,0.022256253
Asb1,0.182037502,0.00354509
Mynn,0.181480663,0.023850109
Slc25a46,0.181395218,0.005306164
Bend4,0.1812479,0.015956402
Mapre1,0.181053098,0.008265822
Kbtbd8,0.180073039,0.041959888
Slc38a2,0.179643919,0.036331078
Pogz,0.179560135,0.034730735
Wdr36,0.179520711,0.007525726
Slc23a2,0.17949881,0.023738523
Traf4,0.179138838,0.011334393
Sh2d2a,0.179034585,0.00555676
Tmem234,0.178497375,0.020161792
Spc25,0.178483381,0.027623129
Dph3,0.177650529,0.008645264
Akr1a1,0.177532805,0.009599233
Mtfr1,0.17746772,0.034705665
Rpap3,0.177385749,0.033059557
Samsn1,0.177147618,0.038662507
Zfand5,0.176850515,0.044106639
Cops5,0.176575845,0.035076581
Metap1,0.176528617,0.030163468
Ptprcap,0.176419526,0.022126648
Selt,0.176225228,0.029914349
Rbm45,0.176156042,0.009044713
Med11,0.176041439,0.029627901
Zfp954,0.175608038,0.0208209
Pusl1,0.175550838,0.003600055
Cops2,0.175392896,0.031388161
Ufm1,0.175288714,0.028194711
Eif1,0.175249841,0.002743548
Arhgap1,0.175036087,0.019593079
Gm7389,0.174971879,0.042244239
Urod,0.174800549,0.033573133
Atp1b3,0.174783748,0.02320662
Wrnip1,0.174475908,0.010219139
Eif1ad,0.174143409,0.024035684
Clic4,0.17413754,0.019404766
Sin3b,0.173854209,0.039393358
Uqcrfs1,0.173775278,0.010960712
Zfp850,0.173770658,0.047785643
Ube2z,0.173639591,0.019227143
Trappc5,0.173548559,0.036321756
Nfkbib,0.173536284,0.041445389
Zyg11b,0.173429162,0.001040163
Mta3,0.173422916,0.005970625
Uqcrc1,0.173117407,0.004289
Pdzd8,0.172988218,0.012196554
Lims1,0.172966096,0.014509411
Hist1h1e,0.172882954,0.003467435
Chtf8,0.172239577,0.048722207
Rpl36al,0.171542625,0.009031469
Atmin,0.171526838,0.01170128
Mrps10,0.170947554,0.040373054
Pcbp1,0.170692829,0.016492014
Nup50,0.170550781,0.008264173
Cnpy2,0.170497425,0.001022035
Rps3a1,0.170296957,0.038789323
Tmed10,0.16972538,0.006288932
Agpat5,0.169530002,0.022617338
Gnai3,0.169459668,0.045879027
Vac14,0.169280656,0.019997108
Ago1,0.169246062,0.045783423
Chuk,0.169181987,0.043117066
Mrfap1,0.168983569,0.023684353
Adam19,0.168874399,0.037044006
Slc2a1,0.168543837,0.049133331
Pacsin2,0.167905568,0.034341309
Atad5,0.167309893,0.036506884
Lrrk1,0.167234202,0.023274782
Zfp628,0.167051572,0.031743374
Wrap73,0.167043978,0.044708973
Galnt6,0.16697279,0.024652524
Cct7,0.166613862,0.010947648
Golga7,0.166375774,0.011300296
Csk,0.166259195,0.036068635
Rn7sk,0.166158531,0.019859425
Agps,0.165428038,0.007872482
Ppp2r5a,0.165198004,0.048021764
Obfc1,0.165141142,0.02439279
Hiatl1,0.165131034,0.00415696
Gm2223,0.16503025,0.003093674
Tcf19,0.165001153,0.021716419
Ssbp3,0.164963105,0.003906635
Champ1,0.164915661,0.006292426
Zkscan17,0.164780899,0.019678378
Mrps17,0.164122726,0.024650032
Sidt2,0.164070933,0.042585562
Hras,0.163549146,0.020420945
Poldip3,0.162920351,0.0215976
Snx5,0.162746191,0.020608589
Csnk1e,0.162653985,0.017537726
Ptch1,0.16246714,0.025266133
Fam120a,0.162144417,0.006622939
Aars,0.161903054,0.003532744
Rhoa,0.161852787,0.02641638
Mapk6,0.161188418,0.004158481
Zfyve19,0.160797599,0.044426264
Coro1c,0.160769065,0.033309791
Mcfd2,0.160591627,0.008677891
Fam49b,0.160589509,0.004431694
Yars,0.160285812,0.046960951
Map2k4,0.160184658,0.014492421
Sertad2,0.159851932,0.0225765
Atpif1,0.159449578,0.002817048
Eef1a1,0.159339978,0.012046424
E330009J07Rik,0.158992225,0.002335966
Vbp1,0.158639593,0.00095684
Urb2,0.15816902,0.018050468
Fabp5,0.158083866,0.024187127
Pou2f1,0.157919185,0.03834335
Gm4202,0.157629488,0.011986323
H13,0.157055565,0.013921528
Ahcyl1,0.157002539,0.011696236
Apba3,0.15677133,0.031208782
Ddx56,0.156327815,0.020239394
Upf1,0.156273046,0.002281458
Cpsf4,0.15577274,0.043713554
Psma7,0.155490555,0.017949466
Nol11,0.154806382,0.006580925
Cul1,0.154730789,0.045054126
Trim32,0.154627609,0.019278669
Hspe1,0.154532797,0.003138265
Ggps1,0.154291368,0.022889327
Bzw1,0.153998311,0.009344981
Sun1,0.153666024,0.023518471
Atp1a1,0.153458527,0.038852494
Stard3,0.153384965,0.016218926
Atg4d,0.152948021,0.013777627
Srsf3,0.152749119,0.022984659
Fam168b,0.152649312,0.028571134
Plbd2,0.152639481,0.043523677
Elavl1,0.152333135,0.043995688
Hells,0.152258137,0.038110705
Dhx30,0.152156054,0.014944371
Ankrd13a,0.152103712,0.010559635
Runx2,0.151872069,0.019436087
Traf7,0.151693003,0.005524359
Nsmce4a,0.151564305,0.022238366
Eif4e,0.151282551,0.032042283
Lrrc58,0.151042147,0.025202902
Hadha,0.15039304,0.010347584
Mad2l1bp,0.150392795,0.024946401
Usp37,0.14922676,0.0319072
Eif1a,0.14887384,0.028854854
E130308A19Rik,0.14785721,0.049247606
Minos1,0.147592038,0.01293678
Cul5,0.147527008,0.047884238
C1galt1,0.147270549,0.047839204
Usp38,0.147162099,0.029297373
Nacc1,0.147095077,0.007529163
Timm44,0.147062722,0.030659554
Ero1l,0.146743996,0.02860201
Grpel1,0.146626711,0.041409095
Cisd2,0.146611884,0.030675019
Ghitm,0.14626,0.009593572
Mief1,0.145494333,0.021139601
Thoc1,0.145140791,0.00113189
Rhobtb2,0.145134981,0.030932839
Slc38a1,0.144762611,0.008731132
Xpo4,0.144611058,0.018961351
Ahdc1,0.144079144,0.019760245
Foxj3,0.144018453,0.021053032
Arid2,0.143624077,0.020992853
Sos2,0.143479791,0.00976207
Dcaf12,0.142577171,0.012722266
Gtf2e1,0.141694796,0.041099493
Gm3608,0.141694697,0.041451292
Trim36,0.141540738,0.049357759
Hmgn1,0.140866732,0.007870731
Lman1,0.140424783,0.038191303
Trmt10c,0.140379505,0.028268916
Pi4ka,0.140164938,0.001615458
Taf5l,0.140120191,0.019508905
G3bp1,0.13984731,0.009462674
Med14,0.138901608,0.023767366
Rpl6,0.138415075,0.012790338
Slc25a15,0.137081505,0.044625387
Tmem242,0.136748909,0.043581163
Eef2,0.136228151,0.006871649
Nup153,0.135751657,0.004786282
Tollip,0.135673127,0.023818233
Srsf6,0.135146719,0.044350584
Btbd10,0.135079595,0.01987705
Galnt3,0.13459996,0.037343968
Atp5j,0.133920241,0.023117165
Hsf1,0.133743518,0.049756641
Pak1ip1,0.133103158,0.049046126
Nelfa,0.132445915,0.040757784
Ndufs4,0.132248909,0.040726094
Ctnnb1,0.132070046,0.026413715
Anxa4,0.131240054,0.044487357
Rbm15b,0.130757074,0.041743818
Hist1h2be,0.130692956,0.020202784
Baiap2,0.13054716,0.040816644
Atf1,0.130305319,0.03370984
Slc7a1,0.130216442,0.001323532
Sntb2,0.130134698,0.047238729
Bcl2l13,0.129977072,0.018650174
Emilin2,0.129850622,0.005186382
Amfr,0.129684555,0.044815698
Polr2c,0.129284875,0.04009731
Gm13509,0.128566896,0.049296503
Cab39,0.128418291,0.040743757
Pphln1,0.128146295,0.028248388
Mrps26,0.127782878,0.027020284
Lig4,0.127504302,0.046725692
Srsf10,0.126798587,0.031777247
Fam107b,0.126715139,0.025225077
Rcbtb1,0.125802195,0.033092338
Maea,0.125644819,0.037757221
Ubash3b,0.125231164,0.01645923
Gm4204,0.125202269,0.020921382
Gabpa,0.124704782,0.017996718
Sh2d3c,0.124469125,0.042285577
Ppp2r2d,0.124404242,0.033831893
Mrpl19,0.124335351,0.012809632
Rps15a-ps7,0.124327861,0.004031513
Hnrnpab,0.123822293,0.011968763
Lcmt1,0.123623469,0.040909257
Polr3h,0.123309318,0.027119413
Srp68,0.122525961,0.036409823
Tiprl,0.122417208,0.025966405
Fermt3,0.12239146,0.022792281
Mrps30,0.122351762,0.006904279
Atxn7l3b,0.122183384,0.015754868
Clcn3,0.122095951,0.008074588
Otud4,0.122053518,0.006479346
Hspa9,0.12160407,0.00095304
Mrpl57,0.120887126,0.030187907
Pmaip1,0.120547009,0.019917882
Drg1,0.120305104,0.028049383
Fmnl1,0.119667027,0.01509498
Ppp2ca,0.119379588,0.024109259
Larp4b,0.118723242,0.017997523
Tmem11,0.11831319,0.020582086
Pabpc4,0.118147335,0.00335635
Phf20,0.11739569,0.041982568
Ncoa4,0.11737463,0.029571195
Zfp282,0.117292475,0.047299909
Calm3,0.115468496,0.016316741
Ost4,0.11515934,0.03252571
Abhd2,0.115151525,0.036810458
Degs1,0.115024024,0.010082232
Caprin1,0.114799179,0.015262496
Cep57,0.114322545,0.032384785
Dohh,0.113875994,0.044843544
Sept9,0.113482644,0.007179186
Ankle2,0.113482056,0.02434937
Atxn2l,0.112685084,0.034198838
Dot1l,0.112586991,0.04930827
Abhd13,0.109757924,0.02860366
S100a6,0.109477625,0.019756195
Ago3,0.108512738,0.035606879
Eif3i,0.10835589,0.049784377
Txk,0.107688363,0.04456449
4933427D14Rik,0.10674279,0.017613881
Slc39a6,0.106598466,0.048681285
Sod2,0.106314959,0.023784258
Panx1,0.106219547,0.048396019
Gtf2f2,0.105641988,0.014259436
Btaf1,0.105093705,0.04054045
Ndufb11,0.104157863,0.04092694
Snx9,0.104140584,0.044118385
Dlst,0.102018025,0.006421945
Utp15,0.101789909,0.034720415
Gnb1,0.101758467,0.030742308
Cox4i1,0.101506051,0.031709162
Nup98,0.101394992,0.041174734
Eif5,0.099715112,0.024812507
Mrpl41,0.098643403,0.02042327
D10Wsu102e,0.098523786,0.008565515
Glud1,0.098336264,0.015825493
Tpm3-rs7,0.098205969,0.007777317
Pde12,0.098153621,0.033281886
Rad23b,0.097569178,0.015422145
Ikzf1,0.096130553,0.022529052
Pmpcb,0.094621703,0.037248008
Med12,0.094076934,0.04973319
Cand1,0.093125877,0.032980044
Traf6,0.090720887,0.004116295
Arcn1,0.090709691,0.026789985
Rrn3,0.0906565,0.024635104
Cpsf3,0.089966999,0.006771026
Ddx3x,0.089832734,0.040765393
Zfp664,0.089726365,0.040369238
Ubqln1,0.088204892,0.041508834
Larp4,0.086758941,0.005416271
Hnrnpul1,0.086635204,0.034454505
Snx3,0.086590097,0.042410369
Nono,0.086543815,0.036171828
Frmd4a,0.085604781,0.025422239
Hdac2,0.083348189,0.020412472
Mlec,0.080721117,0.014039973
Ablim1,0.076575061,0.020181654
Eif2s1,0.076207231,0.004365489
Tmbim6,0.075478668,0.013608639
2310022A10Rik,0.075075949,0.046856925
Klf13,0.073308393,0.035413496
Actr3,0.070013598,0.044762527
Zap70,0.069315698,0.03799046
Gtf2i,0.06806178,0.02025575
Purb,0.066415278,0.023930132
Cnbp,0.066281448,0.035063938
Ubb,0.065943811,0.002559094
Cggbp1,0.064096993,0.048693125
Rbfa,0.063979088,0.020871415
Larp1,0.058051037,0.042883909
Msh6,0.055750514,0.0409175
Hnrnpdl,0.049928768,0.028657277
Ap2b1,0.046305713,0.025934094
Apobec3,-0.047557648,0.044447677
Psd4,-0.054481072,0.033539517
Bicd2,-0.054931208,0.044083384
Cd2bp2,-0.055670618,0.043363938
Ttc39b,-0.05684112,0.015950131
Capza2,-0.058737413,0.042144819
Gxylt1,-0.063350534,0.036712473
Cfdp1,-0.064329607,0.008578606
Cep128,-0.067789178,0.033365517
Ino80d,-0.06995237,0.021218622
Kdm1a,-0.071700008,0.016601299
Rnf34,-0.073085052,0.034524593
Nudc,-0.074671096,0.04958158
Crnkl1,-0.076148652,0.024598877
Card11,-0.076412861,0.006653276
Appl1,-0.076859578,0.01190627
Cd27,-0.077491501,0.031146737
Sept7,-0.078128273,0.039014312
Cmas,-0.079658618,0.038794579
Phtf1,-0.079938606,0.04675091
Chd1,-0.08195217,0.039821467
Pfdn1,-0.08222712,0.034230481
Prpf40a,-0.083129016,0.014796307
Ric8,-0.083834063,0.048503844
Arpc3,-0.084905863,0.028346461
Smchd1,-0.087601023,0.021341726
Mtmr3,-0.088725782,0.007503372
Crlf3,-0.089412829,0.03885908
Kdm5c,-0.08983681,0.002962346
Ddx21,-0.091559535,0.021768671
Il18r1,-0.092472981,0.048857691
Sf3b2,-0.096204599,0.046632723
H2-K1,-0.096424478,0.038638798
Trip12,-0.098801967,0.014453393
Myl12a,-0.099451952,0.008401858
Nmt1,-0.099683368,0.015862641
Pptc7,-0.100036975,0.017468856
Cebpz,-0.102061937,0.036724384
Smc3,-0.102099663,0.01879105
Iqgap1,-0.102655049,0.008714211
Bms1,-0.102780572,0.01527415
Ubr1,-0.102853357,0.012285244
Mbtd1,-0.103749418,0.029587414
Baz1a,-0.104567974,0.046552866
Kmt2c,-0.105511555,0.033925179
Rrp1,-0.10639692,0.02723151
Fam169b,-0.106450831,0.03113541
Trim25,-0.108123968,0.047661917
Bdh1,-0.108258416,0.045349386
Herc4,-0.108673755,0.019075676
Setd5,-0.109339428,0.038795512
Ddx17,-0.109411122,0.002089549
Ankhd1,-0.110646868,0.027387011
Cenpb,-0.110981576,0.016312805
Birc6,-0.111087297,0.009549789
Srrm1,-0.111349654,0.045227266
Gm5939,-0.111875139,0.038685244
Smek1,-0.112305155,0.019218859
Rnf6,-0.113692275,0.006473127
Ap2m1,-0.115207233,0.024113802
Ncl,-0.116238704,0.000125044
Rinl,-0.116845195,0.028454984
Rnf139,-0.121271708,0.021741649
Tardbp,-0.121399167,0.008671483
Rbm28,-0.122002545,0.045426936
Utp3,-0.123197295,0.002559906
Wdr20,-0.123773935,0.012787855
Gmeb1,-0.123847056,0.039629032
Prkrip1,-0.124110989,0.03329142
Huwe1,-0.124260369,0.00447117
Kcnk5,-0.12480617,0.038896353
Gpr132,-0.124862128,0.007830448
Jak1,-0.126174783,0.027943863
D5Ertd579e,-0.126407554,0.023320642
Rbm6,-0.126702671,0.002712654
Nemf,-0.126766895,0.028330876
Rbm17,-0.127897531,0.021626312
Ppp4r2,-0.128827578,0.00253265
Zfhx2,-0.129618127,0.022548893
Abcc1,-0.129626075,0.003700916
Ube2i,-0.130058239,0.04861662
Tes,-0.130290849,0.007971999
Rchy1,-0.130932932,0.015323059
Opa1,-0.130997239,0.045722445
Nol12,-0.132548963,0.010729912
Cep120,-0.13288115,0.017706714
Wdr59,-0.133031003,0.036863807
Trmt61b,-0.134398251,0.034769994
Zfp330,-0.134558853,0.005202369
Elp5,-0.134839375,0.037121325
Themis,-0.135080736,0.001030554
Inip,-0.135223865,0.022626329
Gm4895,-0.135260816,0.003033912
Ep400,-0.13546473,0.038144763
Eef1g,-0.135666183,0.006421002
Metap2,-0.135771491,0.010811289
Nipbl,-0.136034982,0.040739821
Sec63,-0.136042894,0.010069736
Klhl42,-0.137393279,0.005432549
Rbm27,-0.13845897,0.026836044
Sipa1l1,-0.13854735,0.02407492
Mphosph10,-0.139573798,0.001269552
Gm13611,-0.140543952,0.017239819
Dock10,-0.14065685,0.016913151
Ddx46,-0.142175734,0.015730971
Ascc2,-0.142213634,0.018663057
R3hdm1,-0.143189987,0.009253191
Akap8,-0.143448966,0.000580573
Rbbp6,-0.143529728,0.045530033
Ino80b,-0.143575233,0.031743157
Ap3b1,-0.144103913,0.001587263
Noc2l,-0.144610979,0.037772082
Exoc3,-0.144916358,0.024548411
Ddx24,-0.145495661,0.049643261
Srsf4,-0.146828884,0.045541265
Gpatch8,-0.147622428,0.018854495
Myo9a,-0.148180946,0.003197773
Irf2,-0.148442817,0.032105189
Abcb1b,-0.148539851,0.014265146
Tcf25,-0.149071823,0.017574483
Larp1b,-0.149331182,0.024396193
Erp29,-0.149851687,0.014842158
Max,-0.149997911,0.029510681
Luc7l,-0.150309571,0.026893332
Atxn1,-0.150492433,0.018493238
Usp34,-0.151371561,0.038878399
Shisa5,-0.151567293,0.003452116
Spn,-0.151889036,0.000434569
Gm8566,-0.151904775,0.035866302
Sart3,-0.15210945,0.009166799
Ankrd17,-0.15268451,0.001792028
Zcchc7,-0.154038471,0.044044779
Eif2s2,-0.154365684,0.013920815
Smek2,-0.155332626,0.005553169
Fryl,-0.155848606,0.022338974
Safb,-0.156120811,0.026164859
Tnrc6b,-0.156727062,0.007479329
Mir17hg,-0.156886734,0.033086835
Zfp281,-0.157648506,0.029697568
Cdk12,-0.157730802,0.000949166
D8Ertd738e,-0.157813715,0.010473455
Ing2,-0.158810446,0.018575329
Ulk2,-0.160050385,0.038358829
Arl3,-0.161069928,0.020963775
Srsf5,-0.161161638,0.014059458
Ly6c2,-0.161280182,0.020481358
Tbc1d5,-0.162119742,0.00382493
Rrbp1,-0.16239068,0.034338564
Dnajc7,-0.162732347,0.007706162
Fuca1,-0.162778095,0.002720985
Ktn1,-0.163431313,0.036471322
Kras,-0.163993142,0.031814142
Pibf1,-0.164249455,0.002517992
Dync1h1,-0.164576196,0.001556044
Itpripl1,-0.164698932,0.021136103
Acadm,-0.164729326,0.005013511
Ripk1,-0.164756578,0.005460855
Ap3d1,-0.165591052,0.042802129
Zfp646,-0.165923849,0.024246543
Bysl,-0.166030902,0.025965719
Pafah1b1,-0.166067586,0.015267634
Chmp3,-0.16652819,0.032222012
Hsbp1,-0.166673079,0.004782042
Helz,-0.167391464,0.021664988
Acbd5,-0.167841432,0.01764188
Atg3,-0.167893395,0.045312615
Dnajc21,-0.168270479,0.047887853
Nucb1,-0.16836522,0.000664543
Tax1bp1,-0.168580863,0.018825922
Gtf3c6,-0.168686274,0.006076635
Zbtb40,-0.169037827,0.03869205
Supt6,-0.169088931,0.02611659
Edem3,-0.169391661,0.01517574
Pkp4,-0.169742263,0.042606102
Taf3,-0.170215658,0.022354687
Phf3,-0.170290199,0.015675752
Uhrf2,-0.170526039,0.014162534
Nolc1,-0.171017234,0.034165555
Zfp771,-0.171585279,0.030410202
Cwc15,-0.171751526,0.014796312
Gm9835,-0.171997895,0.012624769
Arid1b,-0.172144856,0.014991728
Il2rg,-0.172295873,0.025541105
Inpp4b,-0.173973121,0.035113686
Phc3,-0.174323686,0.04458461
Dhx36,-0.176688818,0.001038269
Rexo4,-0.177013855,0.047877919
Ppig,-0.177105979,0.036815086
Luc7l2,-0.17749623,0.028835331
Rrp15,-0.178245878,0.024629629
Atp10a,-0.178715015,0.008381494
Kdm4a,-0.179382888,0.037311684
Qser1,-0.180663686,0.033042387
Tmsb10,-0.181238747,0.035325259
Bptf,-0.182528513,0.002443287
Gm340,-0.18271457,0.002251529
Numa1,-0.183152942,0.011296267
Scaf4,-0.183613522,0.035238186
Cwc22,-0.184040383,0.005567398
Phf14,-0.184228586,0.036108959
Xrn2,-0.184507328,0.030492488
Atp2b1,-0.184706167,0.009405329
Fam114a2,-0.184880316,0.03223809
Psmd7,-0.184919322,0.010793358
Knop1,-0.185738338,0.041718264
Gm7265,-0.186118756,0.02731221
Thoc2,-0.187815298,0.006578099
Srrt,-0.188032817,0.027091166
Mtss1,-0.188906979,0.041243501
Ninj1,-0.189557203,0.022095689
Hsp90ab1,-0.189563839,0.013724767
Sike1,-0.189976955,0.005978853
Caap1,-0.190669737,0.017806122
Def6,-0.191187265,0.04829588
Ddx42,-0.191592317,0.001040135
Smg6,-0.19249221,0.013625014
Upf3a,-0.193290454,0.018369927
Lbh,-0.193747099,0.013279097
Fuca2,-0.194129095,0.044024743
1110037F02Rik,-0.194160523,0.006811329
Gbp7,-0.194288062,0.000694654
Sart1,-0.194613881,0.000637526
Gm11478,-0.19495891,0.018656197
2810004N23Rik,-0.195226196,0.004662404
Zfp626,-0.195567433,0.03755133
Tgif1,-0.19622407,0.019240771
Sept6,-0.196339891,0.020231253
Ewsr1,-0.196348472,0.006501825
Prpf4b,-0.196353271,0.002236972
Mdn1,-0.196474288,0.028524496
Zfp84,-0.197144766,0.012704845
Foxp1,-0.197869217,0.011931245
Dpy19l4,-0.198342137,0.011358104
Ercc4,-0.199345067,0.009837156
Ncoa3,-0.199859101,0.04332918
Nrde2,-0.200588478,0.0238581
Tspyl1,-0.201021699,0.001684099
Uba7,-0.201387065,0.032127537
Dnajc14,-0.201949956,0.029270253
Mrps18a,-0.202191636,0.034974825
Epc2,-0.202664955,0.02599142
Gm14269,-0.202812764,0.030016364
Spryd3,-0.203698619,0.006966679
Cd96,-0.203766698,0.007501741
Arhgef2,-0.20429429,0.012221132
Ncor1,-0.204343207,0.016926697
Smarcc2,-0.204564877,0.009878627
Tssc1,-0.204700412,0.011280872
Ccdc88c,-0.205001959,0.024059394
Eif3a,-0.205157493,0.008772159
Mea1,-0.205514997,0.0007914
Ubr4,-0.205565152,0.026780786
Papolg,-0.205704888,0.039547059
Rbm41,-0.20600175,0.015339807
Otud7b,-0.206596431,0.035143473
Phf8,-0.206882878,0.026669467
Aptx,-0.207657247,0.006286414
Gbp3,-0.207679015,0.0423012
Ubac1,-0.208047241,0.047927176
Myo9b,-0.208272837,0.013887668
Mia3,-0.20831981,0.039954414
Spag9,-0.208395194,0.009841069
Snrnp70,-0.208457224,0.006508155
Sptan1,-0.208531247,0.020189704
Klhl20,-0.208552666,0.033309158
Cep350,-0.208955067,0.015402986
Trmt1l,-0.209093815,0.006316265
Rbm26,-0.209214796,0.033132082
Ift52,-0.209845202,0.003981607
Fam21,-0.209992763,0.023152767
Pmm2,-0.210551908,0.002780198
Ifi47,-0.210759244,0.031924844
Las1l,-0.210940074,0.006930557
Rnf146,-0.211208915,0.025134325
Pvt1,-0.211239109,0.043523336
Pcnt,-0.211351389,0.004466372
Rcn1,-0.211376865,0.041151331
Arf3,-0.211625627,0.017234763
Anp32b,-0.211699376,0.018990128
Dennd4a,-0.212406372,0.010854436
Slc37a3,-0.212928758,0.025209312
Cep250,-0.213502386,0.004256023
Gm13328,-0.213773817,0.043442381
Taok2,-0.214720879,0.037863551
Taok3,-0.215036035,0.015170017
Lpin2,-0.215171912,0.008360095
3110082I17Rik,-0.215902548,0.003944867
Cep19,-0.216361872,0.037968405
Tapbpl,-0.216926742,0.045009954
Wasl,-0.217163494,0.005323123
Rtfdc1,-0.217682319,0.019513903
Map4,-0.217862215,0.043454561
Spcs2,-0.218532333,0.04058048
Fxyd5,-0.218548092,0.017526705
Tnfaip8,-0.21878148,0.048394313
Gcc2,-0.219562303,0.017782428
Bclaf1,-0.220613384,0.005393201
Ilkap,-0.222349406,0.01078076
BC003331,-0.222353702,0.028056686
Pelp1,-0.222760322,0.027866913
Herc2,-0.223182747,0.007545704
Crem,-0.223277209,0.010887484
Exoc4,-0.223350698,0.017493046
Fbxw7,-0.22343225,0.001938722
Gm14584,-0.224542272,0.003515314
Srgap2,-0.224562832,0.001296497
Casc3,-0.22458682,0.0232752
Tpr,-0.225252356,8.24E-05
Mier1,-0.226049944,0.032379274
Sfswap,-0.226121217,0.000458174
Eif2b4,-0.227169289,0.027525661
Herc3,-0.227575767,0.018512497
Terf1,-0.227643693,0.045378815
Pet100,-0.227731289,0.032357419
Ccdc50-ps,-0.227887096,0.047971984
Tpm1,-0.228340243,0.043024137
Tmod3,-0.228387075,0.028119754
Eif3j2,-0.228549483,0.006351874
Rsu1,-0.228727522,0.029336201
Gm15800,-0.229307106,0.017651054
Surf6,-0.229403169,0.02971709
Adcy7,-0.229440694,0.004812874
Ankrd39,-0.230536579,0.037917335
Zfc3h1,-0.230578483,0.012464255
Osbpl2,-0.230588917,0.004210499
Vps54,-0.23062329,0.04007484
Dap3,-0.231103015,0.049553337
Stk38l,-0.231231342,0.026245758
Setd2,-0.231623708,0.017355321
Acap2,-0.231733269,0.025907734
Myl6,-0.232245321,0.025739201
Mphosph6,-0.232818227,0.000524621
Msn,-0.233230223,0.043704519
Bach2,-0.235174967,0.02368334
Bhlhe40,-0.235593687,0.002747234
Cd44,-0.235829708,0.02070836
Herc1,-0.235831587,0.00567205
Chst15,-0.23603022,0.015979479
Tanc1,-0.236150275,0.003334378
Ddrgk1,-0.236449421,0.017147184
Hadhb,-0.236457754,0.03278333
Ptprc,-0.236693272,0.004253848
Etfdh,-0.237241104,0.016678596
Dhx38,-0.237311102,0.037775462
Kidins220,-0.237691149,0.008138751
Hmgb3,-0.237885783,0.013099865
Raph1,-0.238064145,0.003562726
Crcp,-0.23898614,0.005751789
Gm9457,-0.238998108,0.041998074
Zfp169,-0.239111054,0.028327784
Ccm2,-0.239613429,0.010185422
Lrba,-0.24007771,0.016932783
Whsc1l1,-0.240836121,0.006263595
Rab5a,-0.241778274,0.011807623
Fktn,-0.242047932,0.037653593
Psme1,-0.242576848,0.001860715
Zzef1,-0.243062783,0.00408078
Ikbke,-0.243239747,0.040063961
Senp8,-0.243528275,0.016899977
Fyco1,-0.243967297,0.004229397
Ddx23,-0.244145951,0.001055617
Dock2,-0.244194018,0.010790759
Hnrnpd,-0.244304941,0.029206437
Sltm,-0.24432012,0.005090957
Yy1,-0.24493624,0.017679731
Mafk,-0.245597225,0.0155417
Ipcef1,-0.245732831,0.040961967
Kmt2a,-0.245760109,0.034149502
Atp6v1f,-0.246154618,0.049983468
Npc2,-0.247072271,0.024728651
Susd6,-0.247563204,0.027298861
Pinx1,-0.247883301,0.018349858
Atp6v0a1,-0.249156043,0.019368753
Epb41,-0.250051999,0.000903274
Camk4,-0.250952914,0.017336984
Rpl7l1,-0.251107662,0.000866016
Fosl2,-0.251756993,0.013701896
Hipk2,-0.251876624,0.029498382
Ccdc50,-0.252345062,0.028945696
Vps41,-0.252449025,0.013658129
Limd2,-0.252618958,0.043567641
Ccdc174,-0.252623438,0.007215833
Wnk1,-0.252910119,0.02660534
Pabpn1,-0.252914648,0.009578422
Zfp36l1,-0.253905271,0.033220112
Luc7l3,-0.253935339,0.023558377
Zfp830,-0.255083177,0.020953438
Mrpl15,-0.255096858,0.007962554
Kat6a,-0.256266765,0.045934975
Gpbp1l1,-0.256691264,0.00244017
4930523C07Rik,-0.257270514,0.002953676
Rbm5,-0.257349873,0.035828513
R3hdm2,-0.257364017,0.016108782
Aldh3a2,-0.257429765,0.027493429
Kin,-0.25783062,0.044694965
Hmgn5,-0.257871054,0.031067568
Gabarapl1,-0.258777344,0.011125246
Pik3c2a,-0.259646562,0.004286401
Frg1,-0.25989348,0.010745248
Narf,-0.261018168,0.008926897
Mbp,-0.261316054,0.037372572
Brd9,-0.261476183,0.024382068
Gm9260,-0.261726607,0.033924628
Dnajc1,-0.26250592,0.016517238
0610030E20Rik,-0.262703609,0.003884158
Ppp1r12a,-0.26275567,0.021140982
Mlkl,-0.263245069,0.003607284
Fat1,-0.263490265,0.013513216
Gm43359,-0.263637297,0.041146893
Exoc1,-0.264071485,0.007645567
Tmf1,-0.264143114,0.001118363
Hk1,-0.264488563,0.006592524
Ivd,-0.264628864,0.011147395
D1Ertd622e,-0.264737279,0.019892317
Ap1s1,-0.26476621,0.020487096
Bfar,-0.264778421,0.032449081
Dctn6,-0.265301346,0.004359926
Ptpn6,-0.265479294,0.00720343
Abcf1,-0.265575461,0.005176393
Map4k4,-0.265923929,0.008955431
Upf2,-0.265988987,0.002239577
Gpatch11,-0.266966179,0.011469922
Gm5525,-0.26770827,0.002103662
Prkar2b,-0.267938719,0.047076478
Gm8806,-0.269543409,0.034191654
Plxna1,-0.269860983,0.000961406
Gm10136,-0.270111341,0.014982674
Srek1,-0.271796509,0.0009892
Kif1bp,-0.272170496,0.031523681
Aff1,-0.273027747,0.043853941
Rtf1,-0.273098664,0.001927449
Ifnar1,-0.273475426,0.00024903
Stat1,-0.273691021,0.028284435
Xist,-0.274171662,0.005174267
Lrrc8d,-0.274227523,0.00896376
Syf2,-0.274469056,0.049146014
Cep63,-0.27449598,0.040746273
Clec2d,-0.274604008,0.037435621
Tirap,-0.274613009,0.036032864
Cwc27,-0.275042843,0.002322986
Mbnl2,-0.275994464,0.008549517
Zc3h18,-0.276014125,0.018967291
Pnn,-0.27613106,0.003361255
Adgre5,-0.277362002,0.012557897
AI662270,-0.277414426,0.023094207
Trappc6a,-0.277479179,0.027818432
Pde4b,-0.277943294,0.015285446
Rffl,-0.280344367,0.003356854
Tubb2a,-0.28040094,0.021259781
Arhgap15,-0.280962623,0.047237193
Wdfy1,-0.281530712,0.036122397
R3hcc1l,-0.281568619,0.009805686
Rfwd2,-0.281625454,0.011869544
Anxa5,-0.281647037,0.002255702
Acbd3,-0.281817972,0.016477564
Arhgef3,-0.282025684,0.029023978
Elmsan1,-0.282414497,0.024880819
Itsn2,-0.282576542,0.007524234
Arglu1,-0.282997234,0.018745769
Vrk3,-0.283812465,0.036220824
Chd4,-0.284286822,0.000573775
Zfp597,-0.285630099,0.039863378
Ppwd1,-0.285758153,0.016823482
Lpp,-0.286063625,0.000306347
Cuedc2,-0.286582217,0.001485569
Phf23,-0.28682425,0.013643782
1700052K11Rik,-0.286887073,0.035388217
Prpf31,-0.287037238,0.011245355
Ppfibp1,-0.287588944,0.042464359
Ctla2a,-0.28781914,0.019909179
Rsrc1,-0.288281151,0.013371609
Mfsd6,-0.288946185,0.000342206
Serf2,-0.289058324,0.026665048
Gimap6,-0.289138759,0.015836909
Gtf2f1,-0.289255525,0.019673278
Arhgap25,-0.289757755,0.000795738
Rasgrp1,-0.291237427,0.007373048
Ogfrl1,-0.291657562,0.011053948
Acin1,-0.291680621,0.002475195
Tpm4,-0.291744314,0.025783169
Dlg4,-0.291889374,0.024023628
Zfp407,-0.291938022,0.015476585
Hnrnpul2,-0.292667237,0.003122122
Usp25,-0.293553632,0.014379649
Rps15a,-0.293806929,0.028796451
Ppm1l,-0.295400143,0.008687968
Bdp1,-0.295705661,0.008461627
Ccdc9,-0.295728941,0.008344748
BC005624,-0.296009431,0.000340254
Tdrd3,-0.296447394,0.006676412
AU041133,-0.296741117,0.013864053
Cdc42ep3,-0.297197209,0.049949332
Med8,-0.297351479,0.020760549
Foxo3,-0.297372588,0.035908865
Golga4,-0.297829912,0.008572558
Mkl2,-0.297947791,0.031465658
Clk4,-0.298295355,0.005262508
Myh9,-0.298398728,0.009570145
Atad2b,-0.299044081,0.015378738
Ppm1k,-0.299612413,0.013995852
Parp8,-0.299783212,0.044390747
Klc1,-0.300281896,0.005906579
Fam71b,-0.301292825,0.013987734
Xrn1,-0.301356481,0.005620194
Srsf11,-0.30147806,0.001238996
Gm12183,-0.301863766,0.002781053
Smarce1,-0.301963385,0.006130311
Dcun1d3,-0.302265575,0.000750141
Ptms,-0.302279948,0.002716372
Cep70,-0.302499641,0.032721457
Antxr2,-0.302820544,0.011715462
Dync1i2,-0.30293841,0.010618452
Hcls1,-0.303121046,0.002764428
Aamp,-0.304450258,0.047171758
Gdap10,-0.304689101,0.044966361
Gpr55,-0.304707584,0.015760756
Stim2,-0.305106578,0.001267966
Gm13092,-0.305112989,0.030442206
Brix1,-0.305529907,0.042188601
Ascc3,-0.306127086,0.000266543
Ubxn4,-0.306796663,0.002196976
1810026B05Rik,-0.308736737,0.036063128
Brd7,-0.308770721,0.006189856
Kdm5a,-0.308815731,0.044117718
Gm10709,-0.308984412,0.012108306
Cd5,-0.309092087,0.008606893
Ccdc88b,-0.309790442,0.025357168
Rbmx2,-0.310211669,0.00441521
Zfp512,-0.310785653,0.02387155
Plcxd2,-0.311249803,0.004113856
Rsrc2,-0.311634993,0.04672994
Gigyf2,-0.311733735,0.00034059
Bcl2l11,-0.311910182,0.013693863
Atxn2,-0.312301782,0.006228453
Rcsd1,-0.312562561,0.015333218
Kmt2b,-0.312675028,0.011194258
Prrc2c,-0.312840931,0.00058577
Agtrap,-0.313398175,0.025910608
Lrrfip1,-0.314367993,0.04292741
Znfx1,-0.314602832,0.033848979
Sh3kbp1,-0.315434685,0.012285786
Ercc6,-0.31606231,0.030096341
Gfod2,-0.31756912,0.042971054
Zbtb18,-0.31768392,0.020644391
Gm12583,-0.317866232,0.005268427
Tnfrsf22,-0.318134073,0.033368796
Homez,-0.318178565,0.001017137
H2-Q7,-0.318810192,0.00833898
Igbp1,-0.319646847,0.001758554
Bcdin3d,-0.319956383,0.027612889
Kif3b,-0.320448777,0.030753268
Ly9,-0.32150372,0.040130746
4932438A13Rik,-0.322198469,0.001255577
Map1lc3b,-0.322598722,0.000982399
Plscr1,-0.322602675,0.03681414
Irgm2,-0.322675852,0.001195595
Gpatch4,-0.32341754,0.004320256
Fnbp4,-0.32408237,0.001714627
Cebpzos,-0.325137094,0.017230418
Scp2,-0.32560475,0.012115456
Ccdc18,-0.325698938,0.032911714
AU019823,-0.326913237,0.00654048
Sp140,-0.328657631,0.000545915
AW554918,-0.328731373,0.032802946
Usp33,-0.328928214,0.044232707
Slc38a9,-0.330318838,0.004563848
Rnf19b,-0.330555116,0.020323157
Grap2,-0.33056575,0.019528731
Nlrc3,-0.331922837,0.007801309
Trim44,-0.33385624,0.009311576
Rps13,-0.334057423,0.041309148
Vegfa,-0.334104651,0.013311233
Utp14b,-0.334524212,0.002648971
Gm14277,-0.334782721,0.046640815
Cntrl,-0.334885796,0.028594339
Rere,-0.335079585,0.022025593
Coro2a,-0.335142714,0.001831747
Tor1aip1,-0.337750533,0.003083869
Klf6,-0.337841004,0.016198454
Phldb3,-0.338221952,0.011632456
Ankrd11,-0.338709999,0.019413081
Zfp949,-0.339192225,0.011544557
Golgb1,-0.339574378,0.007652914
Stk10,-0.340087414,0.014010326
Rab19,-0.340092928,0.04780934
Rtp4,-0.340301289,0.04273963
Slc35b3,-0.340663035,0.031292574
Lgals9,-0.341087847,0.02666441
Chd7,-0.342028423,0.007327577
Arpp19,-0.342521391,0.021492436
Srpk2,-0.34252992,0.002686237
Gm37139,-0.34302068,0.01150614
Unc93b1,-0.343158772,0.011847148
Ogfr,-0.343756745,0.0123684
Jarid2,-0.343933895,0.003281038
Pfdn2,-0.344129561,0.013053596
Satb1,-0.344391306,0.018059013
Atrx,-0.344998754,0.00025113
Llph-ps2,-0.345787997,0.002950619
Idnk,-0.3466091,0.001319044
Ythdc1,-0.346641448,0.022336633
Klrk1,-0.347019592,0.00876713
Tpt1-ps6,-0.348773886,0.037211936
Pnisr,-0.349035559,0.001424043
Arhgap26,-0.350070387,0.027457763
Gm12250,-0.350104354,0.025488681
Fnip1,-0.350390842,0.042904701
Nktr,-0.350541583,0.001218654
Capg,-0.350596266,0.016490487
Gtpbp2,-0.351619261,0.001567739
H2-Q5,-0.351736288,0.020183219
Zcchc6,-0.352108303,0.010195621
Vcl,-0.352154902,0.036120492
Cwc25,-0.353133856,0.01825593
Gcfc2,-0.353698212,0.030130014
1300002E11Rik,-0.354711613,0.017927027
Ezh1,-0.354852115,0.005046101
Gdf11,-0.354871315,0.025486615
Kat6b,-0.355910822,0.024064933
Gm7809,-0.35630267,0.005590359
Rbm25,-0.356869778,0.000454756
2310033P09Rik,-0.357837945,0.011490323
Gimap7,-0.358471478,0.027277645
Tmem156,-0.358892045,0.009883989
Mbd5,-0.360186925,0.001735354
Zfp326,-0.361277504,0.001513226
Fasl,-0.36138972,0.019002536
Cish,-0.361419845,0.004027883
Kctd17,-0.361595099,0.011764139
Gm16439,-0.361913235,0.021703984
Peak1,-0.362169528,0.012395639
Ppp1r15a,-0.362424687,0.040001365
Zc3h13,-0.362590974,0.003882771
Parp9,-0.362976153,0.012711891
Rnf20,-0.363559058,0.015373639
Cd274,-0.363756211,0.01790616
Gm14586,-0.364741654,0.009111771
Gmfg,-0.364778175,0.002045529
Fam195b,-0.365128266,0.009503008
B3galt4,-0.366041735,0.040465003
Zrsr2,-0.367265657,0.009797074
Supt5,-0.367312203,0.008108172
Gm42449,-0.367697563,0.049279548
Gramd3,-0.36773109,0.035930963
Phactr2,-0.368911144,0.004949033
Arid4b,-0.369991643,0.04514327
Smyd3,-0.370086348,0.012564175
Capn15,-0.37015082,0.004663982
Itga3,-0.370356341,0.031587951
Rnf167,-0.37058496,0.004883856
Piezo1,-0.371064848,0.001516524
Mob3b,-0.373404973,0.007013913
Amica1,-0.373676949,0.03955871
C920009B18Rik,-0.374479755,0.034486847
Igtp,-0.374509682,0.013301766
Llph,-0.374755291,0.001758132
Safb2,-0.375568314,0.010203653
Peo1,-0.376058554,0.008888923
Gbp5,-0.37645153,0.01138035
Anp32a,-0.377134771,0.00452785
Zc3h12c,-0.377167156,0.02368972
Mylpf,-0.377667682,0.005011624
Malt1,-0.378617861,0.003819774
Arl4a,-0.378759497,0.000114844
Leng1,-0.379706996,0.014264379
Mfhas1,-0.380608579,0.002018481
Spopl,-0.381369016,0.025662778
Snhg1,-0.381521872,0.048963917
Tbca,-0.382461938,0.017410398
Prr3,-0.382720396,0.002372431
Parp14,-0.38292756,0.031433022
Sipa1l3,-0.383304113,0.013965812
Golim4,-0.383744626,0.022175811
Cers4,-0.383792835,0.012786628
Mdp1,-0.384579445,0.002034329
Gas8,-0.385405115,0.028692486
Gm4955,-0.385426575,0.040325373
Rbm8a,-0.385926469,0.036868966
Arhgap30,-0.38599449,0.022543642
Akap8l,-0.386335388,0.011229694
Akap13,-0.388254085,0.020216832
Tmem80,-0.389542324,0.017915218
Pcca,-0.39110911,0.018343584
Sp110,-0.392379064,0.01449089
Gbp4,-0.392441927,0.002684143
Hic1,-0.392667845,0.03900386
Inpp1,-0.393492644,0.019519773
Fyb,-0.393710199,0.017064793
Ppip5k1,-0.393944534,0.024056855
Impa2,-0.394725145,0.01815421
Gm43462,-0.394940401,0.04454283
Prpf38b,-0.396043017,0.007762957
Gm8369,-0.396564175,0.019313103
Ifi203,-0.396794821,0.01824427
Gm8797,-0.397802474,0.016932603
Gm8894,-0.398483658,0.007386798
Map7,-0.399031314,0.017618377
Zfp62,-0.399263077,0.005812819
Erich1,-0.399758375,0.009527693
Map3k8,-0.404491993,0.015247894
Gm43331,-0.40520855,0.047435119
Zcchc17,-0.405765955,0.000588297
Zfp212,-0.406616822,0.010545285
Enc1,-0.40692265,0.026457077
Hvcn1,-0.407110559,0.020569853
Oraov1,-0.408755632,0.045527238
Tnfsf9,-0.408884973,0.016605086
Rasgef1b,-0.409683055,0.023150755
Traf3ip1,-0.412532559,0.00085046
Eif5b,-0.413756913,0.011252451
Fam199x,-0.413847271,0.043823541
Gm12428,-0.414868033,0.002247561
Ddx58,-0.415937064,0.035810974
Apobr,-0.416455434,0.000905982
Ghdc,-0.416570944,0.043906582
Pdcd1lg2,-0.41662322,0.047271449
Chd6,-0.421065945,0.028896701
Samhd1,-0.421259113,0.01054482
Sfi1,-0.422360824,0.018922647
Plec,-0.422641292,0.035514563
Gigyf1,-0.422989619,0.033213853
Tnnt1,-0.423361375,0.023278516
Pttg1,-0.424254805,0.005822703
Bod1l,-0.424365406,0.022087508
Vps13d,-0.424457314,0.022524284
Rgs1,-0.424747331,0.018311368
Ap4m1,-0.424855837,0.005638414
Uba52,-0.425008479,0.0088405
Vamp8,-0.42518812,0.00361486
Car2,-0.425455216,0.033432267
Sugp1,-0.426223782,0.000455436
Egr2,-0.427375836,0.019955318
Snrnp35,-0.427738069,0.02689478
Gm9844,-0.428238839,0.016709436
Gm5914,-0.428545529,0.04685489
Gata3,-0.429116527,0.000696689
Tgtp2,-0.429661527,0.026339575
Zbtb38,-0.429713248,0.005776204
Oas3,-0.430631309,0.038417908
Inf2,-0.431458721,0.045642786
Ube2v1,-0.432754157,0.002165707
Dnaja4,-0.43395775,0.000708201
Gm15204,-0.435868189,0.042115251
Tcf7,-0.437501797,0.033087642
9130011E15Rik,-0.437700716,0.013596629
Epb41l2,-0.437984775,0.01238954
5430427O19Rik,-0.438012814,0.01928926
Cd69,-0.440117021,0.023376899
Cdk11b,-0.440184815,0.001502976
Stat4,-0.440570049,0.019115815
Tbcc,-0.440688124,0.015708389
Fbxl20,-0.441686917,0.026599326
Dnmbp,-0.443428597,0.009006447
Fam214a,-0.443611121,0.044837782
Slfn2,-0.44511619,0.015035955
Zfp513,-0.446151349,0.014195091
Ahnak,-0.446168323,0.002568737
Gm5815,-0.446718718,0.008078919
Mthfr,-0.447409994,0.000819828
Prkce,-0.448551592,0.011827658
Slc28a2,-0.448970045,0.012617703
Styk1,-0.449958674,0.031043162
Klc2,-0.450172846,0.022531775
Klhl6,-0.450174257,0.001671752
Samd9l,-0.450405717,0.002636887
Ankrd37,-0.450665229,0.014215891
Trim26,-0.45105309,0.000470825
Sh3pxd2a,-0.452375419,0.007229264
Tlcd1,-0.452776544,0.003787214
Slc2a9,-0.452882521,0.049725335
Herc6,-0.45388376,0.031454814
Znhit6,-0.454263722,0.008427707
Arap2,-0.454539008,0.003281546
Trafd1,-0.455318718,0.045443011
Chd3,-0.456210483,0.00260388
Tbc1d23,-0.456530102,0.023309409
Treml2,-0.45955739,0.011132152
Wdr44,-0.460486253,0.040127418
Zfp768,-0.462209243,0.014539109
4732416N19Rik,-0.462641586,0.034340753
Eif2ak2,-0.463064012,0.022073554
F2rl2,-0.46396587,0.008103615
Gm42798,-0.464248807,0.029056168
Lysmd3,-0.464260906,0.010970648
Eps8,-0.464972816,0.047579872
Isg20,-0.466681458,0.009035111
Gm17066,-0.467478914,0.022573543
Atg13,-0.467485281,0.03514434
Gimap8,-0.467572844,0.027213934
Ttc5,-0.46780468,0.018471421
Fgd3,-0.469115694,0.009344888
Rplp1,-0.469391121,0.007794985
Gdi1,-0.469935683,0.001360112
Pdcl3,-0.470107353,0.001830166
Evi2a,-0.470961187,0.012919709
Bzrap1,-0.471037683,0.031479038
AI987944,-0.472293087,0.004549681
Akr1c13,-0.47242529,0.030973576
Tnfsf14,-0.472461669,0.035808255
Gm15770,-0.472822816,0.023695619
Ddx60,-0.474652606,0.033858436
Aff3,-0.475327616,0.031754318
Dennd5a,-0.476854704,0.019976439
Hnrnpll,-0.477015859,0.001956784
Stat2,-0.47713306,0.037514626
Gm37238,-0.478880159,0.044733361
Gm12844,-0.479067138,0.02994216
Thnsl1,-0.479288473,0.045760891
Bbc3,-0.481463679,0.003345116
Eml5,-0.482441557,0.000464713
Orai2,-0.482652838,0.00531979
Gimap3,-0.482672406,0.002884872
Zfp821,-0.483351831,0.049984609
Snrpg,-0.484034152,0.048443656
Myo1e,-0.485560528,0.005222382
Tomm6,-0.485607124,0.008852574
9930111J21Rik2,-0.487258711,0.039665733
Plcg1,-0.488855226,0.01025983
Il10rb,-0.48895053,0.031457551
Cmya5,-0.488979553,0.009159172
Gm38120,-0.489085238,0.040274843
Rnpepl1,-0.489320675,0.020431741
Cdyl2,-0.489623421,0.007517563
Casp6,-0.490442428,0.033039854
Hectd2,-0.492426536,0.01977859
Ctso,-0.49285594,0.031297187
Gbp6,-0.493139083,0.015736756
Esf1,-0.494043591,0.028241696
Chd2,-0.494814398,0.01524677
St3gal2,-0.496806504,0.029048884
Cspp1,-0.49759439,0.001839896
Sumo1,-0.498331455,0.002250706
Tle4,-0.498652267,0.021014145
Kctd2,-0.501261326,0.033650352
Dhx57,-0.503006933,0.016799206
Baz2b,-0.503350455,0.00163611
RP24-344N22.4,-0.504415186,0.0202514
Jun,-0.507096097,0.043606783
Nfkbiz,-0.507349958,0.00873028
Ppp2r3a,-0.508065787,0.043135445
Abcb1a,-0.508129115,0.030249927
A330023F24Rik,-0.508141634,0.012602992
Fra10ac1,-0.50846386,0.033734043
Slc26a6,-0.509907502,0.04260287
Tnp2,-0.51027455,0.029909046
Gm9434,-0.513345621,0.007540258
Utrn,-0.513961066,0.004718332
Rbm8a2,-0.514429713,0.000698734
Cyth1,-0.517799032,0.011925994
Lyrm2,-0.518192697,0.010684868
Gm43813,-0.518917974,0.012222985
Nedd8,-0.519173689,0.032164582
S100a13,-0.519961709,0.003809694
Gm29216,-0.520409753,0.00318394
Nuak2,-0.522009066,0.010271035
Gm14044,-0.523338913,0.024552243
Gm43747,-0.523622893,0.033183948
Gimap9,-0.524158332,0.010724878
Sp100,-0.524838809,0.013885474
Gm12693,-0.525931287,0.003773897
Mgst2,-0.525956,0.035673365
Gm8185,-0.526983401,0.012464196
Fam32a,-0.528061572,0.001030858
Grap,-0.52950126,0.020975482
Ccdc191,-0.533160592,0.013876371
Gnb4,-0.533716058,0.007718871
Prkca,-0.53429442,0.012818284
Gm20559,-0.535253446,0.031933919
Gm8995,-0.535352816,0.008154764
Cyb5a,-0.535615194,0.00561907
Stap1,-0.53569061,0.005398714
Il7r,-0.538254456,0.046068158
Zfp608,-0.53834445,0.018441031
Gm43672,-0.539450419,0.045138815
Gm7984,-0.540069242,0.008150347
Filip1l,-0.543102555,0.021644001
Rltpr,-0.543110016,0.0072241
AI413582,-0.543309635,0.032763897
Rai14,-0.544136638,0.00043537
Tbc1d30,-0.544821533,0.036853709
RP24-490A22.9,-0.54535318,0.045398282
Ankzf1,-0.545453695,0.002338188
Ccr7,-0.548227557,0.029157778
Trp53inp1,-0.548870073,0.044525236
Dgka,-0.549070734,0.035874377
Fam46a,-0.549426379,0.002505294
Ccng2,-0.550905936,0.03484704
Ms4a4b,-0.551295059,0.006018791
Mrps11,-0.552668066,0.000599006
Gm38062,-0.552785763,0.015597027
Isg15,-0.554037344,0.030817621
Engase,-0.555175568,0.018202409
Nudt13,-0.556128217,0.007112674
Gm42548,-0.556496568,0.01997253
S100a1,-0.556571685,0.011230323
A630072M18Rik,-0.556631257,0.009242563
6330418K02Rik,-0.556768722,0.0186916
Brdt,-0.557744936,0.038409222
Ttc39c,-0.557930325,0.031672715
Mndal,-0.558569988,0.002903637
Kif3a,-0.560271257,0.019676128
Gm4759,-0.560774917,0.00135178
Gm8991,-0.560981285,0.005410416
Gm37423,-0.563814946,0.039124747
Gm21781,-0.564604818,0.040787599
Lancl3,-0.565522501,0.003739721
mt-Rnr2,-0.565546799,0.015886463
5530601H04Rik,-0.565629864,0.003446449
Gm5472,-0.565647543,0.026883173
Gm18889,-0.565656276,0.002783289
Fcf1,-0.565727641,0.008504284
Gas5,-0.56584814,0.020102982
Lsp1,-0.565874529,0.000459447
Gm6088,-0.566888866,0.001575513
Ccdc92,-0.56709795,0.000922662
Slfn8,-0.567140019,0.024248925
Gm36989,-0.569313321,0.017392658
Gm37653,-0.572403458,0.047744544
Trim12a,-0.573277366,0.038784355
BC005561,-0.574597303,0.037923228
Rpl5,-0.574981863,0.040940554
Iffo2,-0.575693186,0.040859831
RP23-152B12.1,-0.576306931,0.005670237
Zrsr1,-0.576690452,0.024453764
Gm21992,-0.577025162,0.036838117
Egr3,-0.577126476,0.011348528
5830432E09Rik,-0.577294426,0.024482107
Gm44292,-0.578756722,0.036763138
Gm43484,-0.578811651,0.016853786
Uqcrh,-0.579011829,0.001503639
Pecam1,-0.579132707,0.008051926
Phldb1,-0.579956157,0.040056567
2010016I18Rik,-0.580155758,0.036891683
Unc13a,-0.58160523,0.030467688
Ccrl2,-0.58180587,0.001999025
Myo18a,-0.582350548,0.01524366
Itpr2,-0.584042817,0.025937034
Sh3bp5,-0.590303681,0.00150558
Gm43817,-0.590335214,0.007867546
Ms4a6b,-0.59256012,5.1E-05
Neat1,-0.593146418,0.000126248
Malat1,-0.594563798,0.006643153
Lars2,-0.594649656,0.00336871
5031425E22Rik,-0.594690576,0.00792194
Maml2,-0.598176745,0.031395567
Ccdc173,-0.600752544,0.010845867
Gm4951,-0.601539323,0.019946835
D430013B06Rik,-0.601801292,0.016474866
Gm4617,-0.603334673,0.037534751
Ssbp2,-0.606018107,0.001771426
Gimap4,-0.608324887,0.012160939
Smarca2,-0.60879085,0.028269992
RP24-225H21.2,-0.611523555,0.007628285
Podnl1,-0.612510754,0.031382028
Mllt4,-0.613403248,0.031471928
9930111J21Rik1,-0.6140839,0.035021202
Gm9575,-0.614530265,0.022176447
Psenen,-0.615365589,0.00532905
Ypel3,-0.617416997,0.020937945
Hbegf,-0.618301095,3.18E-05
Trbv5,-0.619696263,0.01806054
Rabgap1l,-0.621692179,0.004883624
2810454H06Rik,-0.623814072,0.00097991
Acot10,-0.625482683,0.027796935
Plekha8,-0.626385441,0.00519469
Micall1,-0.628412612,0.042672108
Gm14131,-0.63216115,0.027079355
Il12rb2,-0.632361655,0.000224178
Wdr5b,-0.632523746,0.028981318
Pde1b,-0.636495504,0.012867099
Mtm1,-0.636799502,0.026562614
Anp32b-ps1,-0.636871877,0.001730796
Ms4a4c,-0.638607929,0.039809682
Tnfaip8l1,-0.640853156,0.009682424
Trim12c,-0.641934223,0.013215468
Crmp1,-0.643624939,0.021391778
Pou2f2,-0.643816356,0.000205844
Scp2-ps2,-0.645641705,0.042180243
Art4,-0.645968331,0.02452196
Gm37248,-0.646761421,0.048511188
Gm10076,-0.647564331,0.00511187
Gm26853,-0.649434319,0.047684722
Adamts6,-0.651607707,0.008592969
Rnasel,-0.653871668,0.005531614
Gm37510,-0.654039911,0.035245834
Sla,-0.654831259,0.008387117
Ccdc12,-0.655508398,5.91E-05
Bloc1s1,-0.656384981,0.001588263
Gm24727,-0.656561035,0.032994673
Fahd1,-0.656729785,0.044202255
Ing4,-0.657315467,0.03953692
Clec2i,-0.657884587,0.008378918
Eif3s6-ps4,-0.660519875,0.024863098
Mmp9,-0.660520153,0.007019267
RP23-331I23.5,-0.661589664,0.006825469
Hspa1b,-0.662060426,0.008036165
Gm6159,-0.66388082,0.0066045
RP24-165E9.2,-0.66565681,0.02879389
Lncpint,-0.670715829,0.000973913
Nqo1,-0.672416435,0.029590284
Gm20696,-0.674260327,0.004041069
Synpo,-0.674568371,0.016851968
Gm42930,-0.678279005,0.037928299
Cct3-ps1,-0.678955753,0.0417525
Gm1966,-0.67900003,0.008723088
Mxd3,-0.681125003,0.030676733
BC147527,-0.681950452,0.006698352
Rpl38-ps2,-0.682034964,0.01724853
C130089K02Rik,-0.682362265,0.045597004
Gm37474,-0.6862279,0.01116971
Ccdc97,-0.686827923,0.001098313
Gm37053,-0.687873783,0.049415794
Gm26621,-0.690131813,0.023475202
Lrig1,-0.690443201,0.003079721
Cfap54,-0.692750113,0.013121281
B230217O12Rik,-0.693647675,0.012670224
Tespa1,-0.69397077,0.000190334
Gm22513,-0.695462144,0.01153037
Olfr56,-0.696120489,0.047819937
Psmg1,-0.696331305,0.008401948
Rasgrf2,-0.696590732,0.027694777
Gm11488,-0.697016364,0.036134104
Ddit3,-0.69801499,0.005344386
Dyrk1b,-0.703862291,0.013602189
Gm8276,-0.704636821,0.01337623
Nt5e,-0.705562633,0.024009292
Trim5,-0.705599986,0.014728897
Gm38292,-0.709367319,0.015703946
Aldh2,-0.71011198,0.012340416
5830444F18Rik,-0.7103758,0.025520337
Tmem60,-0.711610247,0.016051783
Basp1,-0.712876434,0.037782009
Iigp1,-0.714914522,0.001839983
Trim30a,-0.7152534,0.034229748
Ticam2,-0.718570477,0.01394577
Gm6142,-0.720690835,0.008820914
Cmpk2,-0.727309337,0.044349099
Gm13340,-0.727499585,0.011496396
RP23-419K14.8,-0.728515714,0.020002521
Cxcr4,-0.729020577,0.014222928
Atg9a,-0.730284024,0.026795896
Slc14a1,-0.730501468,0.027878137
Cpd,-0.732687579,0.001259578
Aldoart1,-0.733274712,0.023190284
Dlg3,-0.743724327,0.01934696
BE692007,-0.745363931,0.013098755
RP24-427A8.1,-0.746645487,0.009253494
Slco3a1,-0.746673696,0.005636671
Gm25776,-0.74678407,0.023660358
Tmem40,-0.746801175,0.006245288
Oas1b,-0.750655253,0.012313654
Gm43362,-0.750696926,0.00011528
Maf,-0.752256668,0.018513205
Plxnc1,-0.753152555,0.011770367
BC094916,-0.758828776,0.002969272
Cracr2a,-0.759143283,0.007545409
Gm37387,-0.760052558,0.037883981
9630010A21Rik,-0.76083749,0.009731109
1700008J07Rik,-0.761181375,0.042036437
Vsig10l,-0.761395557,0.002894824
Ramp1,-0.761799297,0.028763039
Tmem191c,-0.762593964,0.005071239
Arhgap31,-0.769520194,0.003244385
Tnfsf8,-0.772175229,0.004002409
Ccdc184,-0.774803772,0.0087934
Nudt6,-0.775312287,0.020272248
Gm42908,-0.780212578,0.003157235
Gm10268,-0.780691433,0.004385104
Gm44067,-0.78203159,0.007411162
Nradd,-0.782711699,0.045418938
Gbp8,-0.785497864,0.001040893
RP24-346B15.3,-0.788749283,0.002116523
Csf2,-0.790930876,0.03444575
Gm5830,-0.79172082,0.04126283
Ifit2,-0.795872949,0.009074242
Hemgn,-0.802804886,0.0025612
Btbd11,-0.802907973,0.04319056
Rora,-0.813620726,0.032729471
Ccdc96,-0.813766357,0.003527185
Lmbr1,-0.816438704,0.034236953
Nphp3,-0.818522813,0.039738739
Arl4d,-0.818998896,0.04644164
Gm38082,-0.819477057,0.000892076
H2-K2,-0.823586323,0.002826817
Gm6085,-0.823982766,0.019052204
Lpar6,-0.824612672,0.000328134
Iqcg,-0.824946231,0.01704273
Gm15937,-0.827582298,0.045485416
Gm7266,-0.828304788,0.008057054
Yes1,-0.829401762,0.014699852
A630081D01Rik,-0.83119428,0.016550755
Gm37262,-0.832131352,0.001066164
F2rl1,-0.832807307,0.001437765
Tuba8,-0.833884371,0.015742927
Gm18913,-0.834007603,0.007463394
C230085N15Rik,-0.836047336,0.026842576
Anxa3,-0.837085224,0.009644654
H2-Ab1,-0.83731864,0.02746519
Samd3,-0.841761356,0.00897052
Gcnt2,-0.843555613,0.008453039
Gm7160,-0.846188658,0.009665824
Gm29488,-0.851991465,0.000418868
Gm37472,-0.852952067,0.015643676
Gm14239,-0.854846169,0.032657625
Acrbp,-0.856095203,0.009080478
Tnfsf11,-0.857191792,2.17E-05
Gm36638,-0.85862228,0.024839962
Pde11a,-0.863978474,0.010825162
E430018J23Rik,-0.864544528,0.001850191
Slfn1,-0.865792939,0.004908063
Gm14325,-0.86727924,0.03732693
Eif3s6-ps2,-0.868265046,0.040042781
Gm37593,-0.869363668,0.027639336
Rpl19-ps1,-0.871812776,0.001225166
Rps12-ps1,-0.873696683,0.037968484
Acvr2a,-0.875220038,0.005145022
Hmgb1-ps6,-0.878076053,0.027574436
Gm36933,-0.880407023,0.019771571
Gm43571,-0.885365265,0.01280023
Phf11c,-0.8871478,0.003297364
A130071D04Rik,-0.88851531,0.008134341
Cdk14,-0.890656926,0.035746437
Gsap,-0.890919345,0.001949104
Pyhin1,-0.89209271,0.020939907
Alkbh2,-0.895289214,0.038553364
RP23-423B21.6,-0.89641496,0.039997981
Nlrp6,-0.897102982,0.010530917
Gm43788,-0.897202717,0.034735303
Gm37954,-0.899121072,0.000834671
Gpm6b,-0.899448475,0.003753883
Trim30d,-0.903364306,0.030611625
Gm5117,-0.903416722,0.000137337
Gm9403,-0.90564901,0.00572514
Mx1,-0.909011419,0.019098608
Gm42895,-0.909802527,0.024723852
Gm5558,-0.910438486,0.007794744
Usp18,-0.91099342,0.032818911
RP23-413C19.2,-0.911087053,0.001250365
Gm18852,-0.914161586,0.04170266
Nucb2,-0.91585328,0.010262388
Gm13886,-0.917455262,0.03418575
Ifi204,-0.919786846,0.038952126
Gzmm,-0.926801711,0.032826656
RP23-335C3.10,-0.927101703,0.038110409
Gpr34,-0.928857939,0.012318416
Gm43712,-0.934272952,0.003124281
Gm37642,-0.93687465,0.033769987
Slc15a1,-0.93767692,0.00614406
Ggt1,-0.937788778,0.003211231
Gm37639,-0.938021818,0.036950586
Gm42685,-0.941139982,0.004076317
Gm20900,-0.942960646,0.047955254
Gm37529,-0.944306472,0.027782589
Zbtb20,-0.946177192,0.005417358
Sox4,-0.947177917,0.049093813
Espn,-0.950869403,0.018218347
Hip1,-0.951424881,0.048699038
Gm11448,-0.954183313,0.024941484
Klra5,-0.958036604,0.007627014
Abca3,-0.96579705,0.008238619
4930594C11Rik,-0.969727076,0.004391809
Mgst3,-0.971912795,0.035574252
Ptgfrn,-0.97248524,0.000128652
Gm43466,-0.972564725,0.011308736
Gm12258,-0.978365427,0.005515753
Gm37868,-0.984476014,0.034244616
Pomc,-0.988676175,0.000605318
Gm37470,-0.992985234,0.00365795
Gm37033,-0.993507182,0.016753411
Cd226,-0.994204221,0.000301625
Snx30,-0.994482749,0.000523385
mt-Nd6,-0.99470827,0.009603039
RP24-311K19.1,-0.998042237,0.036655468
Parp16,-0.998380747,0.032690547
Spcs2-ps,-0.999525113,0.036839937
Gm8292,-1.000516447,0.006309669
Lif,-1.003733526,0.005731454
Mtcp1,-1.004571034,0.002139997
Gm37212,-1.009529818,0.001362107
Tesc,-1.012719582,0.030974543
Gm5842,-1.014283118,0.002387917
Gm44041,-1.014743017,0.01109651
Abhd14b,-1.01529892,0.000359998
St8sia1,-1.016890705,0.001214935
Gm15793,-1.017204144,0.002365829
Gbp10,-1.018108566,0.000658322
Gm6265,-1.02006033,0.035696318
E430014B02Rik,-1.020204413,0.003925388
Gm7436,-1.020531489,0.019063677
Gm16238,-1.02171136,0.006442241
Gm11814,-1.022204407,0.005720507
Gm43775,-1.025523973,0.005417636
Wdpcp,-1.028510274,0.017144036
Gm37738,-1.03131658,0.001497058
Gbp11,-1.037766123,0.028509063
Gm43511,-1.040745266,0.008226733
Wdr19,-1.041290264,0.001397992
E130208F15Rik,-1.042162981,0.00253171
Gm37215,-1.043506156,0.038389433
Gm42571,-1.047753501,0.033500639
Cul9,-1.05793611,0.000708077
Lad1,-1.059727179,0.015045984
Gm37289,-1.062399084,0.018209182
Gm22009,-1.062664271,0.007282004
Tma7,-1.063516373,0.001398371
Gm4754,-1.068426409,0.003102998
Pde8a,-1.075203279,0.008837247
6720464F23Rik,-1.080172481,0.019220085
Cask,-1.084471414,0.010291271
Cysltr1,-1.08877335,0.000871953
Gm37522,-1.093142543,0.022002381
Gm43196,-1.09411994,0.017317505
Gm36401,-1.099022693,0.046411596
Plaur,-1.099558174,0.030717435
Ggnbp1,-1.102487224,0.00686572
RP23-385F8.2,-1.10419574,0.042840585
Gm37772,-1.104743333,0.049891203
Bend5,-1.107114624,0.020235832
B4galt4,-1.111344823,0.043444133
Gm43329,-1.114259268,0.037319133
Gm6695,-1.117865388,0.007000674
Pacsin1,-1.125532926,0.032056944
Slfn5,-1.12583653,0.028442085
Gm24336,-1.126509337,0.018100775
Tmem176b,-1.132235639,0.004801891
Plxdc2,-1.134812787,0.00551798
Gm6543,-1.140342388,0.00683998
Gm42572,-1.146448227,0.020999425
Tpt1-ps5,-1.150793823,0.008589048
Gm25291,-1.15437661,0.020398609
1110038B12Rik,-1.15829009,0.03917604
Mxd4,-1.159991851,0.04787466
Gm24044,-1.16054754,0.04372712
Gm24407,-1.165939648,0.033505625
Gm37023,-1.173384825,0.00374981
Slc2a4rg-ps,-1.174485967,0.049679696
Serpinc1,-1.181653387,0.021061372
Gm22767,-1.18436302,0.003551943
Gm37534,-1.185137739,0.007622223
Gm37159,-1.187675048,0.032586653
Gm37588,-1.189012551,0.000917086
Sell,-1.189731091,0.010293607
Gm19040,-1.192228081,0.003644931
Gm26847,-1.193372687,0.023602451
Sfmbt2,-1.193704164,0.003181784
Btla,-1.19613546,0.019549709
4930519F09Rik,-1.201919414,0.027517836
Gm42822,-1.209335571,0.004718162
Khk,-1.216430659,0.005137477
Gm26551,-1.221887114,0.033361384
RP23-256J14.2,-1.236479897,0.019587392
Gm8054,-1.237688098,0.000787345
Calr-ps,-1.243031591,0.002955939
Gm6368,-1.244309843,0.015247163
Gm37766,-1.246635697,0.012674736
Ccdc148,-1.257917213,0.025166405
Gm43702,-1.261343789,0.01550123
Gm8545,-1.264862958,0.045132663
A130048G24Rik,-1.266667621,0.004277225
Gm11952,-1.277360945,0.001479636
Gm38243,-1.278548394,0.030122459
mt-Rnr1,-1.279169125,0.005336527
Gm37101,-1.302226534,0.034570262
Gm17366,-1.316858017,0.028513622
Gm14057,-1.324608127,0.020570386
Gm12611,-1.328743572,0.049987615
Gm25939,-1.330616646,0.035426574
Gm6211,-1.343608115,0.044013185
Gm36932,-1.353742953,0.003218543
Sgms1,-1.357132775,0.007908999
Gm43051,-1.358226223,0.048662601
Gm17087,-1.359415861,0.009005255
Rapgef4,-1.360756873,0.027241611
Gm6254,-1.370579381,0.005445634
Gm43555,-1.370935752,0.015319899
Gm37108,-1.371070917,0.004800179
Trdc,-1.374190622,0.011992879
Abcg3,-1.376761297,0.032117964
P4ha2,-1.378784737,0.015015733
Gm23136,-1.382857779,0.035168557
Dand5,-1.391796348,0.006973314
Cacnb1,-1.395529091,0.030725392
Gm5881,-1.42398069,0.00581848
Ifngr2,-1.426035375,0.002000606
Gm42763,-1.429597095,0.006747281
Trim30c,-1.433531743,0.006864484
Snora68,-1.434444087,0.036538663
Gm43761,-1.43654953,0.019846318
Zfp831,-1.444429608,0.034792993
Gm8141,-1.444746314,0.022105702
AA474408,-1.449429131,0.008546866
Scarna3a,-1.455969886,0.039461858
Gm42814,-1.46774994,0.003228301
Gm14769,-1.472312733,0.004514307
Frat2,-1.481879729,0.03534091
Gm29670,-1.493860621,0.02082193
Snora21,-1.494333548,0.01859055
Arhgef11,-1.497010719,0.02724465
Gm37420,-1.520903548,0.023732754
Gm37670,-1.527635057,0.020193878
Gm12577,-1.529866688,0.037820517
Gm38142,-1.530331275,0.031983067
Gm23639,-1.535471895,0.002214487
Snora23,-1.535506863,0.018601131
Mir6236,-1.539374735,0.005686872
Gm14480,-1.558256603,0.010056979
Snord33,-1.585488202,0.041433879
Snord8,-1.596558801,0.025431864
Pik3ip1,-1.613826518,0.026800494
Gm22422,-1.62104586,0.007236368
Gm11805,-1.623833211,0.039412283
Gm23442,-1.636914233,0.003542527
C430019N01Rik,-1.650221358,0.005018781
Gm12129,-1.663067066,0.013717271
Ntrk3,-1.680626506,0.005656627
Gm42433,-1.693897884,0.000337108
Gm38118,-1.699534175,0.037263577
n-R5-8s1,-1.765001202,0.030271512
Rnu11,-1.768794863,0.003296273
Gm11246,-1.792004421,0.031346853
Igfbp4,-1.823829782,0.004972112
Gm6030,-1.829219348,0.002974959
Rgs18,-1.831040221,0.031496962
Gm23119,-1.846384931,0.011007627
Gm22973,-1.849774434,0.027403561
Gm7823,-1.864953612,0.028686892
Gm26917,-1.878422746,0.016336247
Snord83b,-1.896337364,0.013253679
Snord87,-1.902334233,0.022030827
Gm25128,-1.903492076,0.025389854
Gm24105,-1.916007293,0.026066941
Gm26457,-1.926822421,0.028993824
Hmgb1-ps8,-1.927553096,0.005611626
Gm43059,-1.930564031,0.010546803
Rnu12,-1.938888433,0.013432894
Rpl21-ps14,-1.948804525,0.010278988
Tet1,-1.965815956,0.006005464
Gm25117,-1.971562151,0.034325363
Mir3068,-1.974875833,0.045641035
Snord66,-1.98350364,0.004245688
Gm11737,-2.035752347,0.002848819
Cd200r4,-2.037696305,0.006472185
Gm44270,-2.042467378,0.043334102
Rny3,-2.05051589,0.015385336
Gm3788,-2.062036538,0.006564153
Snora17,-2.068213086,0.001509504
Gm24494,-2.088541347,0.003229029
Gm22980,-2.116299339,0.015808345
Snord34,-2.12111603,0.037908169
Gm26175,-2.125679047,0.004180904
Snord55,-2.1498971,0.017575572
Snord82,-2.176573389,0.032350913
Gm6043,-2.182529854,0.01158032
Gm26202,-2.190529894,0.039632027
Gm23734,-2.193381748,0.002612689
Gm23301,-2.210010096,0.035780556
Gm23344,-2.234657409,0.018794127
Tpbgl,-2.298983386,0.035927437
Gm15148,-2.318206782,0.002709789
Snord35a,-2.321613954,0.007777879
Gm7899,-2.323470963,0.01149667
Gm42418,-2.348821968,0.015181223
Snord70,-2.356500146,0.017184235
Gm23008,-2.392469987,0.007006589
Gm26128,-2.405978672,0.012848479
Gm4841,-2.40861899,0.006119823
Gm25820,-2.425641549,0.010486421
RP23-307G24.1,-2.428712798,0.002286565
Snord100,-2.48331548,0.005788939
Gm5575,-2.522810681,0.01268994
Snord118,-2.61252383,0.020380134
Gm15033,-2.702539729,0.027078026
Snord32a,-2.876474832,0.043505992
Gm42826,-3.111938675,0.000199921
Gm26204,-3.215222084,0.000792136
